order_id,customer_age,region,membership,channel,category,price,quantity,amount
O01062,32.0,대구,silver,web,뷰티,249900.0,2,499800.0
O00236,37.0,부산,gold,web,뷰티,19900.0,2,39800.0
O01097,33.0,서울,basic,web,가전,19900.0,3,59700.0
O00906,37.0,인천,silver,web,뷰티,19900.0,3,59700.0
O00716,29.0,대구,basic,web,식품,89900.0,2,179800.0
O00848,57.0,대구,basic,app,가전,29900.0,1,29900.0
O00961,37.0,서울,vip,app,식품,19900.0,3,59700.0
O00145,40.0,서울,basic,web,패션,9900.0,1,9900.0
O00130,26.0,경기,basic,app,가전,29900.0,3,89700.0
O00750,18.0,경기,basic,app,가전,249900.0,1,249900.0
O00509,34.0,대구,basic,app,패션,129900.0,2,259800.0
O01415,29.0,경기,basic,web,도서,129900.0,2,259800.0
O01306,36.0,인천,vip,web,도서,89900.0,1,89900.0
O01203,37.0,서울,basic,web,식품,19900.0,1,19900.0
O01301,32.0,서울,gold,web,가전,129900.0,1,129900.0
O01279,42.0,서울,basic,web,패션,19900.0,1,
O00358,46.0,경기,basic,web,패션,89900.0,1,
O00915,41.0,경기,silver,APP,패션,49900.0,2,99800.0
O00469,31.0,서울,basic,app,패션,29900.0,2,59800.0
O00908,48.0,서울,basic,web,식품,29900.0,2,59800.0
O00253,47.0,인천,basic,app,뷰티,89900.0,1,89900.0
O00669,24.0,서울,silver,web,가전,29900.0,3,89700.0
O00399,38.0,부산,basic,web,뷰티,49900.0,1,49900.0
O00563,41.0,서울,gold,web,패션,19900.0,2,39800.0
O00581,32.0,경기,basic,web,가전,19900.0,1,19900.0
O01240,45.0,서울,basic,web,패션,19900.0,1,19900.0
O01002,42.0,경기,gold,app,도서,89900.0,2,179800.0
O00754,39.0,서울,gold,app,패션,89900.0,2,179800.0
O01111,48.0,인천,gold,app,식품,19900.0,1,19900.0
O00142,46.0,서울,gold,app ,식품,29900.0,1,29900.0
O01418,28.0,서울,gold,web,도서,29900.0,3,89700.0
O01032,14.0,경기,gold,web,도서,249900.0,2,499800.0
O00320,38.0,서울,basic,app,뷰티,9900.0,1,9900.0
O00830,37.0,경기,basic,web,패션,9900.0,1,9900.0
O01338,38.0,부산,basic,app ,식품,19900.0,2,39800.0
O00514,32.0,인천,basic,app,뷰티,29900.0,1,29900.0
O00317,34.0,경기,basic,web,가전,29900.0,1,29900.0
O00210,34.0,서울,silver,app,가전,19900.0,2,39800.0
O01289,55.0,서울,vip,web,뷰티,19900.0,1,19900.0
O00729,42.0,서울,basic,web,뷰티,9900.0,1,9900.0
O00628,39.0,부산,basic,app,뷰티,9900.0,3,29700.0
O00432,24.0,부산,silver,APP,도서,9900.0,1,9900.0
O00634,23.0,경기,silver,web,도서,9900.0,1,9900.0
O00457,50.0,서울,silver,app,가전,9900.0,2,19800.0
O00543,37.0,서울,silver,web,가전,89900.0,2,179800.0
O01096,34.0,서울,gold,web,가전,19900.0,2,39800.0
O01412,9.0,서울,basic,web,패션,89900.0,2,179800.0
O01479,23.0,부산,silver,app,식품,29900.0,2,59800.0
O01338,38.0,부산,basic,app ,식품,19900.0,2,39800.0
O00516,32.0,서울,basic,app ,가전,19900.0,2,39800.0
O00965,32.0,서울,silver,web,가전,19900.0,2,39800.0
O00793,25.0,경기,basic,app,뷰티,49900.0,1,49900.0
O00498,37.0,서울,basic,app,뷰티,49900.0,1,49900.0
O01068,34.0,서울,basic,APP,도서,49900.0,1,49900.0
O01051,30.0,인천,basic,app ,도서,9900.0,3,29700.0
O01361,19.0,대구,gold,web,도서,19900.0,2,39800.0
O00622,18.0,서울,silver,web,식품,29900.0,3,89700.0
O00884,25.0,서울,basic,web,패션,89900.0,3,269700.0
O01322,29.0,서울,basic,app ,뷰티,19900.0,1,19900.0
O01491,36.0,서울,basic,web,식품,19900.0,2,39800.0
O00016,32.0,서울,basic,web,도서,29900.0,1,29900.0
O01089,20.0,대구,basic,app,패션,89900.0,2,179800.0
O00197,21.0,부산,basic,app ,도서,9900.0,1,9900.0
O00026,42.0,부산,basic,web,패션,49900.0,2,99800.0
O01392,31.0,서울,silver,app,도서,19900.0,2,39800.0
O01496,45.0,부산,gold,app,뷰티,29900.0,3,89700.0
O01307,26.0,부산,gold,web,가전,49900.0,1,49900.0
O01047,47.0,서울,basic,web,도서,89900.0,3,269700.0
O01000,35.0,경기,basic,web,뷰티,49900.0,1,49900.0
O01151,30.0,부산,basic,web,도서,19900.0,2,39800.0
O01304,19.0,경기,vip,app,패션,9900.0,2,19800.0
O01406,44.0,경기,basic,app,도서,129900.0,3,389700.0
O01381,43.0,서울,basic,web,도서,29900.0,1,29900.0
O00156,41.0,서울,vip,app,식품,89900.0,2,179800.0
O00934,24.0,경기,basic,web,패션,19900.0,1,19900.0
O00314,31.0,대구,basic,web,뷰티,89900.0,2,179800.0
O00596,54.0,경기,gold,app,패션,129900.0,1,129900.0
O01191,57.0,서울,silver,app,패션,19900.0,1,19900.0
O00649,34.0,부산,basic,app,뷰티,9900.0,1,9900.0
O01313,41.0,경기,silver,web,뷰티,19900.0,1,19900.0
O01443,32.0,부산,basic,web,식품,9900.0,2,19800.0
O01304,19.0,경기,vip,app,패션,9900.0,2,19800.0
O00752,45.0,대구,vip,app ,뷰티,9900.0,1,9900.0
O01112,47.0,서울,basic,app,식품,19900.0,1,19900.0
O00244,37.0,서울,basic,app,패션,19900.0,1,19900.0
O01373,30.0,인천,gold,web,도서,9900.0,3,29700.0
O00587,34.0,서울,basic,web,가전,49900.0,1,49900.0
O01215,40.0,부산,basic,app,패션,249900.0,1,249900.0
O01327,35.0,서울,silver,web,도서,49900.0,2,99800.0
O00929,47.0,경기,basic,app,식품,9900.0,2,19800.0
O01176,32.0,경기,basic,APP,도서,29900.0,1,29900.0
O00696,46.0,경기,basic,web,가전,49900.0,2,99800.0
O01346,36.0,경기,basic,web,뷰티,29900.0,2,59800.0
O01394,44.0,경기,silver,web,도서,9900.0,3,29700.0
O00897,48.0,서울,basic,web,뷰티,89900.0,2,179800.0
O01278,28.0,대구,basic,web,가전,29900.0,1,29900.0
O00462,29.0,경기,basic,web,식품,9900.0,2,19800.0
O00565,39.0,서울,basic,web,뷰티,89900.0,1,89900.0
O00470,40.0,대구,basic,web,가전,19900.0,3,59700.0
O01479,23.0,부산,silver,app,식품,29900.0,2,59800.0
O00150,22.0,서울,silver,web,가전,19900.0,1,19900.0
O00716,29.0,대구,basic,web,식품,89900.0,2,179800.0
O00264,13.0,경기,basic,web,도서,19900.0,1,19900.0
O00078,45.0,서울,silver,web,가전,9900.0,1,9900.0
O00713,42.0,경기,basic,app,도서,129900.0,2,259800.0
O01100,45.0,서울,basic,web,식품,249900.0,2,499800.0
O01357,40.0,대구,basic,web,식품,29900.0,3,89700.0
O01068,34.0,서울,basic,APP,도서,49900.0,1,49900.0
O00533,41.0,대구,basic,web,뷰티,19900.0,2,39800.0
O00872,33.0,서울,gold,web,식품,19900.0,2,39800.0
O00965,32.0,서울,silver,web,가전,19900.0,2,39800.0
O00570,23.0,서울,basic,app,도서,249900.0,1,249900.0
O00211,38.0,경기,basic,web,도서,49900.0,1,49900.0
O00097,25.0,경기,basic,APP,도서,129900.0,2,259800.0
O00270,37.0,서울,basic,app,패션,129900.0,1,129900.0
O01035,,서울,silver,web,식품,19900.0,3,59700.0
O00280,44.0,부산,gold,app,식품,9900.0,3,29700.0
O00850,32.0,경기,basic,web,식품,29900.0,2,59800.0
O00890,34.0,서울,silver,web,패션,29900.0,2,59800.0
O00153,39.0,서울,basic,app,패션,29900.0,1,29900.0
O00417,,서울,gold,web,뷰티,29900.0,2,59800.0
O01165,36.0,서울,silver,app,식품,129900.0,2,259800.0
O01218,28.0,부산,vip,web,식품,19900.0,1,19900.0
O00607,32.0,서울,gold,app,뷰티,49900.0,3,149700.0
O00490,31.0,인천,silver,web,패션,49900.0,1,49900.0
O00153,39.0,서울,basic,app,패션,29900.0,1,29900.0
O01363,39.0,경기,vip,app,도서,129900.0,1,
O00884,25.0,서울,basic,web,패션,89900.0,3,269700.0
O00866,45.0,경기,basic,web,뷰티,9900.0,2,19800.0
O00131,29.0,경기,gold,app,도서,9900.0,1,9900.0
O00616,49.0,대구,basic,web,도서,49900.0,1,49900.0
O00267,41.0,부산,silver,web,식품,49900.0,3,149700.0
O00490,31.0,인천,silver,web,패션,49900.0,1,49900.0
O00471,25.0,서울,basic,web,뷰티,249900.0,1,249900.0
O01223,19.0,경기,gold,app,도서,19900.0,3,59700.0
O00707,40.0,서울,basic,app,패션,89900.0,3,269700.0
O00328,39.0,경기,vip,app,도서,9900.0,2,19800.0
O00177,27.0,부산,basic,app,식품,89900.0,3,269700.0
O01040,32.0,서울,gold,app,가전,129900.0,3,389700.0
O00902,35.0,서울,basic,web,도서,129900.0,1,129900.0
O01426,62.0,대구,vip,web,패션,29900.0,1,29900.0
O00171,36.0,부산,basic,app,식품,19900.0,2,
O00021,25.0, 서울 ,basic,web,패션,19900.0,3,59700.0
O00631,18.0,부산,basic,app,도서,19900.0,2,39800.0
O00279,37.0,부산,basic,web,도서,129900.0,2,259800.0
O00486,34.0,대구,basic,app,패션,9900.0,2,
O00627,38.0,경기,silver,web,식품,19900.0,1,19900.0
O00610,50.0,부산,vip,APP,도서,19900.0,1,19900.0
O01035,,서울,silver,web,식품,19900.0,3,59700.0
O01121,,인천,gold,web,뷰티,129900.0,1,129900.0
O00184,25.0,인천,gold,web,가전,19900.0,3,59700.0
O00318,33.0,서울,gold,web,식품,29900.0,2,59800.0
O00406,42.0,인천,basic,app,패션,19900.0,3,59700.0
O01256,32.0,경기,basic,app,뷰티,19900.0,1,19900.0
O01121,,인천,gold,web,뷰티,129900.0,1,129900.0
O00506,35.0,서울,gold,app,도서,129900.0,1,129900.0
O01050,43.0,서울,basic,web,패션,49900.0,2,99800.0
O00911,36.0,경기,silver,web,뷰티,29900.0,2,59800.0
O00142,46.0,서울,gold,app ,식품,29900.0,1,29900.0
O01237,41.0,인천,vip,web,도서,9900.0,2,19800.0
O00812,32.0,인천,gold,web,도서,89900.0,1,89900.0
O00697,30.0,서울,basic,APP,뷰티,49900.0,2,99800.0
O00912,21.0,서울,basic,web,뷰티,129900.0,1,129900.0
O01020,39.0,서울,silver,web,가전,9900.0,1,9900.0
O01162,33.0,서울,gold,web,패션,129900.0,1,
O00451,27.0,부산,basic,web,패션,29900.0,3,89700.0
O00200,25.0,부산,silver,web,가전,129900.0,3,
O01350,35.0,서울,basic,app,식품,49900.0,3,149700.0
O00421,30.0,부산,silver,app,식품,249900.0,1,249900.0
O00870,43.0,대구,silver,web,도서,49900.0,1,49900.0
O00761,58.0,서울,gold,web,도서,19900.0,2,39800.0
O00022,26.0,Seoul,vip,web,가전,9900.0,1,9900.0
O01321,16.0,서울,vip,app,가전,9900.0,1,9900.0
O00078,45.0,서울,silver,web,가전,9900.0,1,9900.0
O00220,21.0,인천,basic,app,뷰티,249900.0,2,499800.0
O00690,17.0,서울,silver,web,뷰티,29900.0,2,59800.0
O00370,20.0,서울,silver,app,도서,29900.0,2,59800.0
O01328,22.0,부산,basic,APP,도서,29900.0,1,29900.0
O01486,24.0,서울,vip,app,식품,49900.0,1,49900.0
O01449,30.0,대구,basic,web,식품,49900.0,1,49900.0
O01487,36.0,서울,basic,web,가전,49900.0,2,99800.0
O00657,47.0,서울,basic,web,가전,29900.0,1,29900.0
O01259,30.0,서울,silver,web,뷰티,19900.0,1,19900.0
O00452,43.0,경기,basic,app,패션,29900.0,2,59800.0
O00885,53.0,부산,basic,app,도서,129900.0,1,129900.0
O01347,45.0,서울,gold,app,식품,9900.0,1,9900.0
O00975,42.0,서울,silver,web,도서,89900.0,2,179800.0
O01327,35.0,서울,silver,web,도서,49900.0,2,99800.0
O00385,33.0,부산,basic,web,뷰티,249900.0,2,499800.0
O00414,32.0,경기,basic,web,도서,249900.0,2,499800.0
O00064,50.0,서울,basic,app,도서,49900.0,2,99800.0
O00844,34.0,대구,basic,web,가전,9900.0,1,9900.0
O00950,24.0,경기,basic,web,패션,89900.0,1,89900.0
O00478,40.0,경기,basic,app,도서,29900.0,1,29900.0
O00546,52.0,서울,silver,web,식품,29900.0,2,59800.0
O00643,44.0,서울,silver,web,식품,19900.0,1,19900.0
O01493,30.0,서울,silver,app,뷰티,29900.0,2,59800.0
O01073,33.0,서울,basic,app,가전,19900.0,1,19900.0
O01313,41.0,경기,silver,web,뷰티,19900.0,1,19900.0
O00254,43.0,서울,basic,web,패션,9900.0,1,9900.0
O00669,24.0,서울,silver,web,가전,29900.0,3,89700.0
O00056,29.0,대구,basic,APP,식품,9900.0,1,9900.0
O00723,30.0,서울,basic,app ,식품,29900.0,1,
O01312,52.0,인천,silver,app ,식품,19900.0,2,39800.0
O01053,41.0,대구,gold,app,식품,19900.0,2,39800.0
O00223,31.0,서울,basic,web,도서,29900.0,1,29900.0
O01355,42.0,경기,basic,app,가전,29900.0,1,29900.0
O01161,38.0,인천,basic,app,뷰티,19900.0,2,39800.0
O00110,32.0,서울,silver,app,뷰티,19900.0,1,19900.0
O01057,42.0,부산,silver,app,식품,9900.0,1,9900.0
O00974,39.0,서울,silver,app,패션,19900.0,1,19900.0
O00563,41.0,서울,gold,web,패션,19900.0,2,39800.0
O00592,48.0,경기,vip,web,뷰티,249900.0,1,249900.0
O01194,27.0,경기,basic,app,도서,29900.0,1,29900.0
O00833,54.0,서울,silver,app,식품,89900.0,2,179800.0
O01236,41.0,서울,gold,web,가전,19900.0,1,19900.0
O00025,32.0,경기,basic,web,식품,19900.0,1,19900.0
O01138,25.0,경기,gold,web,패션,129900.0,2,
O01003,34.0,인천,silver,app,패션,19900.0,1,19900.0
O00789,20.0,경기,basic,web,뷰티,29900.0,1,29900.0
O00045,25.0,서울,vip,app,패션,29900.0,3,89700.0
O01296,41.0,서울,silver,web,가전,19900.0,1,19900.0
O00476,53.0,대구,vip,app,도서,9900.0,3,29700.0
O00911,36.0,경기,silver,web,뷰티,29900.0,2,59800.0
O01276,41.0,서울,basic,app,식품,9900.0,3,29700.0
O00667,18.0,서울,silver,app,식품,29900.0,2,59800.0
O00236,37.0,부산,gold,web,뷰티,19900.0,2,39800.0
O00087,27.0,부산,silver,web,도서,9900.0,1,9900.0
O00392,40.0,경기,basic,app,가전,49900.0,1,49900.0
O00740,26.0,서울,basic,app,패션,29900.0,3,89700.0
O01078,,부산,silver,web,도서,19900.0,2,
O01456,41.0,대구,silver,web,식품,249900.0,1,249900.0
O00879,25.0,서울,basic,app,가전,49900.0,3,149700.0
O00445,29.0,인천,gold,APP,뷰티,19900.0,1,19900.0
O00291,20.0,서울,basic,web,식품,129900.0,1,129900.0
O00101,29.0,서울,basic,web,도서,249900.0,1,249900.0
O00741,,경기,gold,app ,도서,9900.0,1,9900.0
O00452,43.0,경기,basic,app,패션,29900.0,2,59800.0
O00793,25.0,경기,basic,app,뷰티,49900.0,1,49900.0
O00230,47.0,경기,silver,web,패션,49900.0,1,49900.0
O00167,45.0,서울,basic,app ,식품,19900.0,1,19900.0
O00688,18.0,서울,gold,web,가전,29900.0,3,89700.0
O01256,32.0,경기,basic,app,뷰티,19900.0,1,19900.0
O00902,35.0,서울,basic,web,도서,129900.0,1,129900.0
O00080,36.0,서울,silver,app ,뷰티,29900.0,3,89700.0
O01112,47.0,서울,basic,app,식품,19900.0,1,19900.0
O00417,,서울,gold,web,뷰티,29900.0,2,59800.0
O00715,29.0,서울,silver,APP,패션,19900.0,2,39800.0
O00707,40.0,서울,basic,app,패션,89900.0,3,269700.0
O00658,48.0,서울,basic,app,뷰티,129900.0,1,129900.0
O00325,36.0,대구,silver,app,가전,89900.0,2,179800.0
O00833,54.0,서울,silver,app,식품,89900.0,2,179800.0
O01213,32.0,서울,basic,app,도서,29900.0,1,29900.0
O00207,38.0,서울,silver,app,식품,19900.0,3,59700.0
O00146,49.0,서울,gold,web,패션,9900.0,1,9900.0
O01192,43.0,경기,silver,app,가전,9900.0,1,9900.0
O01188,26.0,서울,basic,app,뷰티,129900.0,1,129900.0
O00466,27.0,서울,silver,app,가전,19900.0,2,39800.0
O00682,33.0,서울,basic,web,가전,249900.0,1,249900.0
O00459,21.0,서울,silver,app,식품,9900.0,2,19800.0
O01351,18.0,인천,silver,app,가전,9900.0,1,9900.0
O01255,51.0,부산,vip,web,도서,29900.0,3,89700.0
O00241,34.0,대구,gold,web,뷰티,19900.0,1,19900.0
O01073,33.0,서울,basic,app,가전,19900.0,1,19900.0
O00691,18.0,서울,basic,app,가전,49900.0,1,49900.0
O01325,42.0,대구,basic,app,식품,89900.0,1,89900.0
O00618,37.0,서울,silver,app,식품,19900.0,1,19900.0
O00183,37.0,대구,silver,web,도서,29900.0,1,29900.0
O01281,40.0,경기,basic,web,패션,89900.0,2,179800.0
O01367,16.0,부산,silver,web,가전,49900.0,1,49900.0
O00785,51.0,서울,basic,app,식품,29900.0,1,29900.0
O01300,22.0,부산,basic,app,뷰티,49900.0,1,49900.0
O00625,33.0,경기,vip,web,도서,29900.0,1,29900.0
O00733,30.0,부산,vip,web,패션,29900.0,2,59800.0
O01076,34.0,경기,silver,app,가전,29900.0,2,59800.0
O00880,28.0,서울,gold,web,뷰티,129900.0,2,259800.0
O00139,32.0,서울,vip,app,가전,29900.0,1,29900.0
O00124,,서울,vip,web,뷰티,89900.0,2,
O00325,36.0,대구,silver,app,가전,89900.0,2,179800.0
O01432,29.0,경기,silver,app,식품,19900.0,3,59700.0
O01295,36.0,인천,basic,web,식품,19900.0,3,59700.0
O00175,36.0,경기,gold,web,도서,19900.0,1,19900.0
O01405,24.0,부산,silver,APP,식품,19900.0,1,19900.0
O01156,40.0,부산,basic,web,가전,129900.0,3,389700.0
O00441,28.0,서울,basic,web,패션,129900.0,1,129900.0
O01233,37.0,서울,basic,web,식품,29900.0,2,59800.0
O00567,25.0,서울,basic,app,패션,249900.0,2,499800.0
O00976,25.0,서울,gold,app ,도서,19900.0,1,19900.0
O00584,27.0,서울,vip,app,패션,89900.0,1,89900.0
O00527,26.0,경기,silver,APP,뷰티,19900.0,1,19900.0
O00718,40.0,대구,basic,web,가전,9900.0,1,9900.0
O00144,24.0,서울,silver,app,식품,19900.0,1,19900.0
O01434,23.0,부산,silver,app ,식품,19900.0,1,19900.0
O00506,35.0,서울,gold,app,도서,129900.0,1,129900.0
O00955,38.0,경기,silver,web,도서,89900.0,2,179800.0
O00982,15.0,부산,gold,app,식품,29900.0,1,29900.0
O00627,38.0,경기,silver,web,식품,19900.0,1,19900.0
O01062,32.0,대구,silver,web,뷰티,249900.0,2,499800.0
O00151,40.0,대구,basic,app,식품,49900.0,1,49900.0
O00476,53.0,대구,vip,app,도서,9900.0,3,29700.0
O00439,17.0,부산,basic,app ,뷰티,9900.0,1,9900.0
O01357,40.0,대구,basic,web,식품,29900.0,3,89700.0
O00525,44.0,인천,basic,web,뷰티,49900.0,3,149700.0
O00377,22.0,인천,silver,app,도서,29900.0,1,29900.0
O01340,38.0,서울,basic,web,패션,19900.0,2,39800.0
O00968,27.0,서울,basic,web,식품,89900.0,1,89900.0
O00728,38.0,부산,silver,web,뷰티,19900.0,1,19900.0
O00424,27.0,경기,basic,web,도서,9900.0,3,29700.0
O00638,41.0,서울,silver,web,도서,19900.0,2,39800.0
O01068,34.0,서울,basic,APP,도서,49900.0,1,49900.0
O01485,11.0,서울,silver,web,뷰티,19900.0,2,39800.0
O00883,34.0,서울,vip,APP,식품,29900.0,2,59800.0
O00807,30.0,대구,basic,web,식품,9900.0,1,9900.0
O00625,33.0,경기,vip,web,도서,29900.0,1,29900.0
O01278,28.0,대구,basic,web,가전,29900.0,1,29900.0
O00838,28.0,서울,basic,web,패션,9900.0,3,29700.0
O00418,57.0,서울,silver,app,패션,19900.0,1,19900.0
O00172,41.0,서울,gold,web,도서,89900.0,3,269700.0
O01435,22.0,서울,silver,web,가전,29900.0,1,29900.0
O00697,30.0,서울,basic,APP,뷰티,49900.0,2,99800.0
O00966,46.0,서울,basic,app,도서,19900.0,3,59700.0
O01333,26.0,서울,basic,web,도서,9900.0,1,9900.0
O00602,46.0,서울,silver,app,식품,49900.0,1,49900.0
O00540,30.0,서울,basic,web,패션,29900.0,1,29900.0
O00044,27.0,대구,basic,web,식품,89900.0,1,89900.0
O01026,26.0,경기,basic,app,식품,89900.0,3,269700.0
O00339,41.0,경기,vip,app,패션,19900.0,1,19900.0
O01152,40.0,인천,basic,web,가전,29900.0,1,29900.0
O00607,32.0,서울,gold,app,뷰티,49900.0,3,149700.0
O00411,24.0,서울,basic,web,도서,9900.0,3,29700.0
O00543,37.0,서울,silver,web,가전,89900.0,2,179800.0
O00872,33.0,서울,gold,web,식품,19900.0,2,39800.0
O01089,20.0,대구,basic,app,패션,89900.0,2,179800.0
O01175,25.0,경기,gold,app,뷰티,9900.0,2,19800.0
O00611,34.0,서울,basic,app,가전,19900.0,1,19900.0
O00071,40.0,부산,silver,app,가전,9900.0,1,9900.0
O00653,43.0,경기,silver,app,식품,49900.0,2,99800.0
O01320,50.0,서울,basic,app,도서,19900.0,2,39800.0
O00231,36.0,부산,basic,app,뷰티,49900.0,2,99800.0
O01108,32.0,부산,basic,web,도서,19900.0,3,59700.0
O01201,40.0,부산,silver,app,가전,9900.0,3,29700.0
O00318,33.0,서울,gold,web,식품,29900.0,2,59800.0
O00455,35.0,서울,vip,app ,뷰티,29900.0,2,59800.0
O00782,17.0,경기,basic,web,도서,29900.0,1,29900.0
O01189,45.0,서울,basic,app,가전,129900.0,1,129900.0
O01304,19.0,경기,vip,app,패션,9900.0,2,19800.0
O01431,34.0,경기,silver,app,도서,19900.0,1,19900.0
O01475,,서울,basic,app,가전,89900.0,1,89900.0
O00477,40.0,서울,basic,APP,식품,89900.0,1,89900.0
O00250,37.0,인천,basic,app,식품,19900.0,2,39800.0
O01376,26.0,인천,basic,web,식품,29900.0,1,29900.0
O00566,27.0,경기,gold,app,뷰티,9900.0,1,9900.0
O00906,37.0,인천,silver,web,뷰티,19900.0,3,59700.0
O00682,33.0,서울,basic,web,가전,249900.0,1,249900.0
O01466,30.0,서울,silver,web,도서,29900.0,1,29900.0
O00857,50.0,서울,vip,web,뷰티,9900.0,3,29700.0
O00366,38.0,서울,vip,app,도서,29900.0,2,59800.0
O00759,37.0,인천,basic,web,가전,9900.0,2,19800.0
O00757,30.0,경기,silver,web,뷰티,19900.0,1,19900.0
O00851,34.0,서울,silver,web,도서,29900.0,1,29900.0
O00363,55.0,경기,basic,app,뷰티,89900.0,1,89900.0
O00106,33.0,서울,silver,web,뷰티,19900.0,2,39800.0
O00037,51.0,서울,basic,web,식품,29900.0,1,29900.0
O01137,19.0,인천,vip,app,가전,129900.0,2,259800.0
O01169,33.0,서울,silver,web,뷰티,19900.0,3,59700.0
O01183,,경기,basic,app,도서,19900.0,1,19900.0
O01140,48.0,경기,silver,app,가전,19900.0,2,39800.0
O00619,33.0,인천,basic,app,가전,129900.0,1,129900.0
O00213,39.0,부산,gold,web,패션,9900.0,1,9900.0
O00804,34.0,경기,basic,APP,도서,19900.0,2,39800.0
O01450,24.0,부산,vip,app,패션,49900.0,3,149700.0
O00338,51.0,부산,basic,app,식품,29900.0,2,59800.0
O00771,34.0,서울,basic,app,패션,9900.0,3,29700.0
O00214,34.0,서울,basic,app,가전,19900.0,1,19900.0
O00094,31.0,경기,basic,app,도서,19900.0,1,
O01189,45.0,서울,basic,app,가전,129900.0,1,129900.0
O00622,18.0,서울,silver,web,식품,29900.0,3,89700.0
O01327,35.0,서울,silver,web,도서,49900.0,2,99800.0
O00849,39.0,경기,silver,app,가전,9900.0,2,19800.0
O00796,35.0,인천,basic,app,가전,19900.0,1,19900.0
O00329,35.0,경기,gold,web,도서,19900.0,1,19900.0
O00541,31.0,대구,gold,web,가전,49900.0,1,49900.0
O00398,31.0,경기,basic,app,뷰티,19900.0,1,19900.0
O01450,24.0,부산,vip,app,패션,49900.0,3,149700.0
O00890,34.0,서울,silver,web,패션,29900.0,2,59800.0
O01317,,경기,basic,app,뷰티,9900.0,2,19800.0
O00741,,경기,gold,app ,도서,9900.0,1,9900.0
O01193,29.0,서울,basic,web,식품,29900.0,1,29900.0
O01043,38.0,서울,gold,web,뷰티,129900.0,1,129900.0
O00226,34.0,서울,basic,app,도서,9900.0,3,
O00935,27.0,서울,vip,web,뷰티,9900.0,2,19800.0
O00320,38.0,서울,basic,app,뷰티,9900.0,1,9900.0
O00500,38.0,대구,basic,app,뷰티,19900.0,3,59700.0
O01385,42.0,부산,basic,app,뷰티,49900.0,3,149700.0
O00218,39.0,부산,silver,web,뷰티,29900.0,3,
O01000,35.0,경기,basic,web,뷰티,49900.0,1,49900.0
O00113,8.0,대구,silver,app,패션,19900.0,1,19900.0
O00512,45.0,경기,basic,web,도서,19900.0,3,59700.0
O00358,46.0,경기,basic,web,패션,89900.0,1,
O00515,45.0,서울,silver,app,식품,9900.0,2,19800.0
O01123,35.0,인천,basic,app,뷰티,49900.0,2,99800.0
O00716,29.0,대구,basic,web,식품,89900.0,2,179800.0
O01467,38.0,대구,silver,web,가전,49900.0,2,99800.0
O00795,,서울,basic,web,도서,19900.0,2,39800.0
O00233,36.0,경기,silver,web,패션,89900.0,1,89900.0
O00918,31.0,대구,basic,web,가전,9900.0,2,19800.0
O01425,31.0,대구,basic,web,패션,9900.0,1,9900.0
O01002,42.0,경기,gold,app,도서,89900.0,2,179800.0
O01262,50.0,부산,basic,app,도서,49900.0,1,49900.0
O00489,27.0,대구,basic,web,가전,89900.0,1,89900.0
O01259,30.0,서울,silver,web,뷰티,19900.0,1,19900.0
O00519,41.0,대구,basic,web,패션,89900.0,1,89900.0
O00097,25.0,경기,basic,APP,도서,129900.0,2,259800.0
O00101,29.0,서울,basic,web,도서,249900.0,1,249900.0
O00344,28.0,경기,silver,web,가전,29900.0,2,59800.0
O00204,51.0,인천,silver,app,패션,29900.0,1,29900.0
O00380,46.0,서울,silver,app,도서,19900.0,3,59700.0
O00545,28.0,경기,gold,app,식품,9900.0,2,19800.0
O00690,17.0,서울,silver,web,뷰티,29900.0,2,59800.0
O00999,24.0,대구,vip,app,가전,49900.0,1,49900.0
O00129,25.0,서울,basic,APP,식품,19900.0,1,19900.0
O01122,21.0,대구,gold,app,가전,89900.0,1,89900.0
O01479,23.0,부산,silver,app,식품,29900.0,2,59800.0
O00915,41.0,경기,silver,APP,패션,49900.0,2,99800.0
O00796,35.0,인천,basic,app,가전,19900.0,1,19900.0
O00669,24.0,서울,silver,web,가전,29900.0,3,89700.0
O00565,39.0,서울,basic,web,뷰티,89900.0,1,89900.0
O00735,17.0,서울,silver,web,도서,129900.0,1,129900.0
O01402,26.0,서울,gold,app,패션,19900.0,1,19900.0
O00819,27.0,서울,basic,app,패션,19900.0,1,19900.0
O00815,38.0,인천,vip,web,가전,49900.0,2,
O00520,50.0,서울,silver,web,도서,9900.0,1,9900.0
O01494,31.0,서울,basic,app,식품,29900.0,1,29900.0
O00273,37.0,인천,gold,app,패션,89900.0,3,269700.0
O00744,28.0,경기,vip,web,식품,19900.0,2,39800.0
O00908,48.0,서울,basic,web,식품,29900.0,2,59800.0
O01470,42.0,부산,basic,app,패션,89900.0,1,89900.0
O01019,39.0,대구,silver,web,패션,19900.0,2,
O00361,40.0,서울,gold,app,패션,29900.0,1,29900.0
O01161,38.0,인천,basic,app,뷰티,19900.0,2,39800.0
O00169,35.0,서울,basic,app,가전,19900.0,1,19900.0
O00945,32.0,서울,basic,web,도서,49900.0,3,149700.0
O01183,,경기,basic,app,도서,19900.0,1,19900.0
O01432,29.0,경기,silver,app,식품,19900.0,3,59700.0
O00451,27.0,부산,basic,web,패션,29900.0,3,89700.0
O00733,30.0,부산,vip,web,패션,29900.0,2,59800.0
O00705,34.0,서울,silver,app ,뷰티,89900.0,3,269700.0
O00744,28.0,경기,vip,web,식품,19900.0,2,39800.0
O01165,36.0,서울,silver,app,식품,129900.0,2,259800.0
O00658,48.0,서울,basic,app,뷰티,129900.0,1,129900.0
O00763,17.0,서울,gold,app,가전,19900.0,3,59700.0
O00418,57.0,서울,silver,app,패션,19900.0,1,19900.0
O00523,29.0,대구,vip,web,도서,9900.0,1,9900.0
O01053,41.0,대구,gold,app,식품,19900.0,2,39800.0
O00972,40.0,대구,vip,app,뷰티,9900.0,3,29700.0
O00902,35.0,서울,basic,web,도서,129900.0,1,129900.0
O00646,49.0,인천,gold,web,가전,49900.0,3,149700.0
O00890,34.0,서울,silver,web,패션,29900.0,2,59800.0
O00043,19.0,서울,silver,web,뷰티,29900.0,2,59800.0
O00313,37.0,서울,basic,app,식품,19900.0,3,59700.0
O00591,40.0,서울,gold,APP,가전,19900.0,2,39800.0
O00374,31.0,부산,gold,app,패션,129900.0,2,259800.0
O00722,33.0,서울,silver,app,뷰티,49900.0,1,49900.0
O00502,50.0,경기,basic,app,패션,19900.0,1,19900.0
O00788,25.0,경기,basic,web,가전,9900.0,2,19800.0
O01421,39.0,서울,basic,web,도서,9900.0,1,9900.0
O00154,26.0,경기,basic,web,도서,9900.0,2,19800.0
O00334,57.0,서울,silver,web,뷰티,29900.0,2,59800.0
O00785,51.0,서울,basic,app,식품,29900.0,1,29900.0
O01285,26.0,서울,gold,app,가전,29900.0,1,29900.0
O00887,45.0,부산,basic,app ,뷰티,9900.0,3,29700.0
O00668,33.0,서울,basic,web,뷰티,29900.0,1,29900.0
O00947,28.0,서울,basic,app,가전,89900.0,1,89900.0
O00837,35.0,대구,basic,app ,뷰티,9900.0,2,19800.0
O01155,41.0,경기,gold,web,가전,129900.0,2,259800.0
O00845,,서울,vip,web,패션,89900.0,2,179800.0
O00353,21.0,부산,gold,app ,뷰티,129900.0,1,129900.0
O01342,32.0,경기,gold,web,뷰티,29900.0,1,29900.0
O01424,59.0,서울,basic,app,패션,129900.0,2,259800.0
O00357,45.0,서울,gold,app,패션,19900.0,2,39800.0
O00507,49.0,대구,basic,APP,도서,49900.0,2,99800.0
O00909,32.0,서울,vip,app,식품,9900.0,3,29700.0
O00915,41.0,경기,silver,APP,패션,49900.0,2,99800.0
O01183,,경기,basic,app,도서,19900.0,1,19900.0
O00145,40.0,서울,basic,web,패션,9900.0,1,9900.0
O00957,43.0,경기,basic,app ,가전,9900.0,2,19800.0
O01452,30.0,경기,silver,app,뷰티,19900.0,2,39800.0
O00288,21.0,경기,silver,app,도서,9900.0,1,9900.0
O00612,37.0,부산,basic,web,뷰티,29900.0,1,29900.0
O01325,42.0,대구,basic,app,식품,89900.0,1,89900.0
O00793,25.0,경기,basic,app,뷰티,49900.0,1,49900.0
O00959,40.0,서울,basic,web,가전,19900.0,2,39800.0
O00916,36.0,경기,vip,web,식품,19900.0,2,
O00005,41.0,서울,basic,app,패션,19900.0,1,19900.0
O00552,32.0,인천,basic,web,도서,49900.0,3,149700.0
O00125,44.0,서울,basic,app,식품,19900.0,1,19900.0
O01092,36.0,경기,gold,web,패션,89900.0,1,89900.0
O01187,32.0,부산,basic,web,도서,29900.0,2,59800.0
O00163,43.0,경기,vip,web,패션,29900.0,1,29900.0
O00043,19.0,서울,silver,web,뷰티,29900.0,2,59800.0
O00723,30.0,서울,basic,app ,식품,29900.0,1,
O01063,39.0,부산,basic,app,가전,19900.0,1,19900.0
O00379,19.0,인천,basic,web,식품,9900.0,1,9900.0
O00123,35.0,서울,silver,web,가전,29900.0,1,29900.0
O01255,51.0,부산,vip,web,도서,29900.0,3,89700.0
O00220,21.0,인천,basic,app,뷰티,249900.0,2,499800.0
O00502,50.0,경기,basic,app,패션,19900.0,1,19900.0
O01417,46.0,서울,silver,web,가전,9900.0,2,19800.0
O00297,32.0,부산,silver,app,가전,29900.0,2,59800.0
O00198,30.0,인천,basic,app,패션,29900.0,1,29900.0
O00518,23.0,인천,gold,web,가전,49900.0,2,99800.0
O00008,34.0,인천,silver,web,패션,129900.0,3,389700.0
O01487,36.0,서울,basic,web,가전,49900.0,2,99800.0
O00806,38.0,부산,basic,APP,도서,29900.0,1,29900.0
O00874,34.0,경기,basic,app,가전,29900.0,1,29900.0
O00335,38.0,서울,gold,app,식품,19900.0,1,19900.0
O00540,30.0,서울,basic,web,패션,29900.0,1,29900.0
O00692,27.0,경기,vip,app,도서,19900.0,1,19900.0
O01102,27.0,대구,basic,web,도서,9900.0,3,29700.0
O01055,32.0,대구,basic,app,뷰티,29900.0,2,59800.0
O00940,32.0,경기,basic,web,가전,129900.0,1,129900.0
O00175,36.0,경기,gold,web,도서,19900.0,1,19900.0
O01034,46.0,서울,basic,APP,패션,29900.0,2,59800.0
O00836,35.0,경기,basic,web,도서,129900.0,1,129900.0
O00964,,서울,silver,app,패션,29900.0,1,29900.0
O00823,44.0,서울,silver,app,뷰티,9900.0,1,9900.0
O01378,43.0,경기,basic,app,도서,29900.0,3,89700.0
O01252,30.0,경기,silver,web,도서,89900.0,2,179800.0
O01309,32.0,서울,basic,app,도서,19900.0,1,19900.0
O00678,60.0,서울,silver,web,패션,19900.0,1,19900.0
O01473,40.0,인천,gold,web,패션,19900.0,1,19900.0
O01446,36.0,서울,basic,APP,패션,49900.0,1,49900.0
O00990,8.0,인천,basic,app,패션,19900.0,1,19900.0
O00403,20.0,경기,gold,APP,가전,89900.0,1,89900.0
O00335,38.0,서울,gold,app,식품,19900.0,1,19900.0
O01384,32.0,서울,basic,app,가전,19900.0,1,19900.0
O00455,35.0,서울,vip,app ,뷰티,29900.0,2,59800.0
O00989,27.0,서울,silver,web,패션,9900.0,2,19800.0
O01077,21.0,서울,vip,web,가전,9900.0,1,9900.0
O00395,35.0,서울,silver,app ,가전,49900.0,1,49900.0
O00064,50.0,서울,basic,app,도서,49900.0,2,99800.0
O00659,33.0,경기,basic,app,도서,249900.0,3,749700.0
O00933,48.0,대구,vip,app,식품,49900.0,2,99800.0
O00158,35.0,부산,basic,web,뷰티,19900.0,1,19900.0
O01064,25.0,경기,basic,web,식품,19900.0,1,19900.0
O00797,50.0,대구,basic,app,뷰티,19900.0,3,59700.0
O00030,26.0,서울,silver,app,패션,9900.0,1,9900.0
O01208,26.0,경기,basic,app,식품,19900.0,1,19900.0
O01384,32.0,서울,basic,app,가전,19900.0,1,19900.0
O00347,33.0,경기,basic,web,식품,9900.0,2,19800.0
O00957,43.0,경기,basic,app ,가전,9900.0,2,19800.0
O01421,39.0,서울,basic,web,도서,9900.0,1,9900.0
O01170,29.0,서울,basic,web,도서,19900.0,2,39800.0
O00072,35.0,서울,basic,app,패션,19900.0,1,19900.0
O00904,28.0,경기,basic,web,뷰티,29900.0,2,59800.0
O01405,24.0,부산,silver,APP,식품,19900.0,1,19900.0
O00468,28.0,인천,basic,app,도서,19900.0,1,19900.0
O00185,28.0,서울,basic,app,식품,29900.0,2,59800.0
O00929,47.0,경기,basic,app,식품,9900.0,2,19800.0
O00717,39.0,인천,gold,web,뷰티,19900.0,3,59700.0
O01127,34.0,서울,basic,app,식품,249900.0,1,249900.0
O00180,34.0,서울,silver,app,패션,89900.0,3,269700.0
O00543,37.0,서울,silver,web,가전,89900.0,2,179800.0
O01175,25.0,경기,gold,app,뷰티,9900.0,2,19800.0
O00262,33.0,대구,gold,app,패션,49900.0,1,49900.0
O01500,45.0,인천,gold,web,도서,9900.0,1,9900.0
O00096,39.0,경기,silver,app,뷰티,249900.0,3,749700.0
O01386,36.0,서울,vip,app,도서,19900.0,1,19900.0
O01431,34.0,경기,silver,app,도서,19900.0,1,19900.0
O01141,38.0,인천,basic,web,뷰티,29900.0,2,59800.0
O01390,55.0,경기,gold,web,식품,49900.0,1,49900.0
O01047,47.0,서울,basic,web,도서,89900.0,3,269700.0
O00999,24.0,대구,vip,app,가전,49900.0,1,49900.0
O00403,20.0,경기,gold,APP,가전,89900.0,1,89900.0
O00222,37.0,경기,basic,web,식품,19900.0,3,59700.0
O01310,32.0,인천,silver,app,가전,29900.0,1,29900.0
O00019,61.0,경기,basic,web,식품,19900.0,2,39800.0
O00053,35.0,대구,gold,web,도서,49900.0,1,49900.0
O00123,35.0,서울,silver,web,가전,29900.0,1,29900.0
O01330,48.0,경기,basic,app,식품,9900.0,1,9900.0
O00739,32.0,경기,basic,app,뷰티,29900.0,2,59800.0
O01492,31.0,서울,gold,app,패션,29900.0,1,29900.0
O00378,31.0,서울,silver,web,가전,19900.0,1,19900.0
O00174,52.0,서울,gold,web,뷰티,19900.0,1,19900.0
O00748,41.0,경기,gold,web,뷰티,29900.0,2,59800.0
O00948,48.0,대구,basic,app,도서,19900.0,3,59700.0
O00343,50.0,서울,basic,app,패션,89900.0,2,179800.0
O00784,50.0,서울,basic,app,뷰티,29900.0,1,29900.0
O01224,31.0,대구,basic,app,가전,129900.0,1,
O00413,35.0,대구,vip,web,뷰티,129900.0,1,129900.0
O00796,35.0,인천,basic,app,가전,19900.0,1,19900.0
O01022,27.0,서울,basic,web,도서,19900.0,3,59700.0
O00148,32.0,경기,gold,app,뷰티,89900.0,1,89900.0
O00839,44.0,경기,basic,app ,가전,19900.0,1,19900.0
O00345,42.0,서울,vip,web,식품,9900.0,2,19800.0
O01019,39.0,대구,silver,web,패션,19900.0,2,
O00215,37.0,부산,basic,web,가전,129900.0,2,259800.0
O01254,42.0,서울,basic,app,식품,49900.0,2,99800.0
O01474,19.0,경기,silver,web,도서,29900.0,3,89700.0
O00606,31.0,경기,basic,web,식품,29900.0,1,29900.0
O00272,32.0,인천,gold,web,뷰티,129900.0,1,129900.0
O00372,19.0,서울,basic,app,패션,9900.0,1,9900.0
O01472,32.0,부산,basic,APP,식품,19900.0,2,39800.0
O01134,36.0,서울,basic,app,도서,129900.0,1,129900.0
O01491,36.0,서울,basic,web,식품,19900.0,2,39800.0
O00169,35.0,서울,basic,app,가전,19900.0,1,19900.0
O00685,35.0,대구,silver,app,뷰티,29900.0,1,29900.0
O00274,48.0,대구,vip,app,뷰티,49900.0,2,99800.0
O00876,41.0,서울,basic,web,뷰티,9900.0,2,19800.0
O00601,33.0,서울,vip,web,식품,9900.0,1,
O01255,51.0,부산,vip,web,도서,29900.0,3,89700.0
O00241,34.0,대구,gold,web,뷰티,19900.0,1,19900.0
O01378,43.0,경기,basic,app,도서,29900.0,3,89700.0
O01107,17.0,서울,basic,APP,패션,29900.0,2,59800.0
O00968,27.0,서울,basic,web,식품,89900.0,1,89900.0
O00501,31.0,부산,basic,web,도서,89900.0,2,179800.0
O00015,32.0,서울,basic,app,식품,249900.0,2,499800.0
O00677,34.0,서울,basic,web,가전,129900.0,3,389700.0
O01051,30.0,인천,basic,app ,도서,9900.0,3,29700.0
O00929,47.0,경기,basic,app,식품,9900.0,2,19800.0
O00898,28.0,인천,basic,app,가전,49900.0,1,49900.0
O01369,17.0,서울,basic,web,뷰티,29900.0,2,59800.0
O00502,50.0,경기,basic,app,패션,19900.0,1,19900.0
O01047,47.0,서울,basic,web,도서,89900.0,3,269700.0
O00863,25.0,경기,basic,web,패션,129900.0,2,259800.0
O00534,35.0,경기,vip,web,도서,29900.0,1,
O00197,21.0,부산,basic,app ,도서,9900.0,1,9900.0
O00964,,서울,silver,app,패션,29900.0,1,29900.0
O01143,22.0,부산,gold,web,가전,249900.0,2,499800.0
O01171,29.0,경기,silver,web,뷰티,9900.0,2,19800.0
O01378,43.0,경기,basic,app,도서,29900.0,3,89700.0
O00652,41.0,경기,basic,web,패션,29900.0,1,29900.0
O00378,31.0,서울,silver,web,가전,19900.0,1,19900.0
O01461,,서울,basic,web,뷰티,29900.0,1,29900.0
O00845,,서울,vip,web,패션,89900.0,2,179800.0
O00581,32.0,경기,basic,web,가전,19900.0,1,19900.0
O00174,52.0,서울,gold,web,뷰티,19900.0,1,19900.0
O01217,35.0,서울,silver,web,패션,19900.0,2,39800.0
O01114,35.0,경기,silver,web,뷰티,49900.0,1,49900.0
O00553,36.0,경기,basic,app,가전,9900.0,1,9900.0
O00776,50.0,서울,silver,app ,뷰티,29900.0,3,89700.0
O00776,50.0,서울,silver,app ,뷰티,29900.0,3,89700.0
O00247,25.0,경기,basic,app,도서,89900.0,2,179800.0
O01314,42.0,인천,basic,app,도서,19900.0,3,59700.0
O00264,13.0,경기,basic,web,도서,19900.0,1,19900.0
O00163,43.0,경기,vip,web,패션,29900.0,1,29900.0
O00133,38.0,서울,silver,app ,식품,29900.0,1,
O01414,49.0,서울,vip,app,뷰티,49900.0,2,99800.0
O00119,40.0,인천,silver,web,뷰티,9900.0,1,9900.0
O00872,33.0,서울,gold,web,식품,19900.0,2,39800.0
O01203,37.0,서울,basic,web,식품,19900.0,1,19900.0
O00589,35.0,서울,gold,web,도서,29900.0,2,59800.0
O00430,41.0,서울,basic,app,식품,29900.0,1,29900.0
O00255,25.0,서울,vip,web,식품,9900.0,3,29700.0
O01377,44.0,경기,basic,web,뷰티,9900.0,3,
O00115,40.0,경기,basic,web,가전,249900.0,2,499800.0
O01406,44.0,경기,basic,app,도서,129900.0,3,389700.0
O00093,42.0,부산,basic,web,식품,19900.0,3,59700.0
O01352,41.0,경기,basic,app,패션,19900.0,2,39800.0
O00733,30.0,부산,vip,web,패션,29900.0,2,59800.0
O00752,45.0,대구,vip,app ,뷰티,9900.0,1,9900.0
O00666,25.0,서울,vip,web,도서,19900.0,2,39800.0
O00248,26.0,대구,basic,web,도서,249900.0,1,249900.0
O01026,26.0,경기,basic,app,식품,89900.0,3,269700.0
O00270,37.0,서울,basic,app,패션,129900.0,1,129900.0
O00117,23.0,인천,vip,app,패션,19900.0,2,39800.0
O01063,39.0,부산,basic,app,가전,19900.0,1,19900.0
O00214,34.0,서울,basic,app,가전,19900.0,1,19900.0
O00412,43.0,대구,gold,web,패션,9900.0,2,19800.0
O00981,41.0,서울,basic,app,가전,19900.0,3,59700.0
O01186,35.0,대구,basic,app,패션,19900.0,2,39800.0
O01023,26.0,대구,basic,app,뷰티,19900.0,2,39800.0
O01440,41.0,부산,basic,web,뷰티,89900.0,2,
O00246,19.0,대구,basic,web,가전,9900.0,1,9900.0
O00114,25.0,인천,basic,web,뷰티,9900.0,3,29700.0
O00295,48.0,서울,basic,APP,뷰티,29900.0,3,89700.0
O00029,37.0,경기,gold,app,도서,29900.0,2,59800.0
O00868,52.0,서울,silver,app,패션,9900.0,1,9900.0
O01056,41.0,서울,vip,web,뷰티,19900.0,1,19900.0
O01204,47.0,서울,basic,APP,식품,19900.0,1,19900.0
O00067,43.0,서울,silver,web,패션,9900.0,2,19800.0
O00929,47.0,경기,basic,app,식품,9900.0,2,19800.0
O00774,42.0,서울,silver,app,도서,49900.0,2,99800.0
O01025,44.0,대구,gold,app,도서,9900.0,2,19800.0
O00934,24.0,경기,basic,web,패션,19900.0,1,19900.0
O01391,20.0,서울,basic,web,가전,29900.0,1,29900.0
O01452,30.0,경기,silver,app,뷰티,19900.0,2,39800.0
O00365,46.0,대구,vip,app ,뷰티,19900.0,1,19900.0
O00145,40.0,서울,basic,web,패션,9900.0,1,9900.0
O00382,14.0,부산,gold,web,가전,29900.0,2,
O00865,45.0,경기,silver,web,식품,19900.0,1,19900.0
O00225,36.0,서울,silver,web,뷰티,249900.0,3,749700.0
O01322,29.0,서울,basic,app ,뷰티,19900.0,1,19900.0
O00153,39.0,서울,basic,app,패션,29900.0,1,29900.0
O00278,44.0,경기,basic,web,뷰티,19900.0,1,19900.0
O00924,30.0,부산,basic,web,패션,9900.0,1,9900.0
O00047,42.0,서울,gold,web,가전,249900.0,1,249900.0
O00292,21.0,서울,silver,app,식품,49900.0,3,149700.0
O01343,46.0,인천,vip,app,식품,49900.0,1,49900.0
O00069,33.0,서울,silver,web,패션,49900.0,3,149700.0
O01343,46.0,인천,vip,app,식품,49900.0,1,49900.0
O00250,37.0,인천,basic,app,식품,19900.0,2,39800.0
O01070,22.0,서울,vip,app,패션,249900.0,1,249900.0
O00359,20.0,대구,gold,app,식품,29900.0,1,29900.0
O00372,19.0,서울,basic,app,패션,9900.0,1,9900.0
O00939,23.0,서울,silver,web,패션,19900.0,1,19900.0
O00058,21.0,서울,basic,web,뷰티,129900.0,3,389700.0
O00801,46.0,부산,gold,web,가전,9900.0,1,9900.0
O00361,40.0,서울,gold,app,패션,29900.0,1,29900.0
O00034,,대구,basic,web,패션,89900.0,1,89900.0
O00647,21.0,경기,basic,web,뷰티,89900.0,1,89900.0
O00194,21.0,경기,basic,web,식품,49900.0,3,149700.0
O01332,37.0,부산,silver,web,식품,19900.0,3,59700.0
O00392,40.0,경기,basic,app,가전,49900.0,1,49900.0
O01276,41.0,서울,basic,app,식품,9900.0,3,29700.0
O00142,46.0,서울,gold,app ,식품,29900.0,1,29900.0
O01152,40.0,인천,basic,web,가전,29900.0,1,29900.0
O01412,9.0,서울,basic,web,패션,89900.0,2,179800.0
O00413,35.0,대구,vip,web,뷰티,129900.0,1,129900.0
O00798,45.0,경기,basic,web,도서,249900.0,1,249900.0
O00062,58.0,서울,basic,web,가전,19900.0,1,19900.0
O01121,,인천,gold,web,뷰티,129900.0,1,129900.0
O00979,41.0,경기,basic,web,뷰티,89900.0,2,179800.0
O00745,36.0,서울,gold,web,식품,9900.0,1,9900.0
O00931,43.0,서울,silver,app ,가전,49900.0,1,49900.0
O00799,42.0,부산,basic,web,뷰티,9900.0,1,9900.0
O00186,28.0,부산,gold,app,식품,19900.0,1,19900.0
O00097,25.0,경기,basic,APP,도서,129900.0,2,259800.0
O00946,49.0,서울,basic,web,가전,29900.0,2,59800.0
O00815,38.0,인천,vip,web,가전,49900.0,2,
O00340,39.0,서울,basic,app,패션,49900.0,2,99800.0
O00810,27.0,서울,basic,web,도서,49900.0,2,99800.0
O00277,34.0,부산,silver,app,가전,89900.0,1,89900.0
O00505,25.0,부산,basic,app,가전,19900.0,1,19900.0
O01065,31.0,경기,basic,app,패션,9900.0,2,19800.0
O01135,30.0,부산,silver,app,가전,9900.0,1,9900.0
O01459,38.0,서울,basic,web,도서,89900.0,3,269700.0
O01017,33.0,서울,basic,app,가전,89900.0,1,89900.0
O00133,38.0,서울,silver,app ,식품,29900.0,1,
O00266,31.0,부산,basic,web,가전,19900.0,1,19900.0
O01149,33.0,인천,basic,app,가전,9900.0,1,9900.0
O00385,33.0,부산,basic,web,뷰티,249900.0,2,499800.0
O01243,23.0,부산,basic,app,도서,19900.0,2,39800.0
O00406,42.0,인천,basic,app,패션,19900.0,3,59700.0
O01099,33.0,부산,basic,web,식품,19900.0,2,
O01174,20.0,서울,basic,app,가전,29900.0,1,29900.0
O01271,33.0,부산,basic,app,가전,19900.0,2,39800.0
O00418,57.0,서울,silver,app,패션,19900.0,1,19900.0
O01191,57.0,서울,silver,app,패션,19900.0,1,19900.0
O01128,30.0,경기,silver,app ,패션,19900.0,3,59700.0
O00546,52.0,서울,silver,web,식품,29900.0,2,59800.0
O01120,41.0,서울,basic,app,도서,19900.0,3,59700.0
O01450,24.0,부산,vip,app,패션,49900.0,3,149700.0
O00200,25.0,부산,silver,web,가전,129900.0,3,
O00070,46.0,대구,basic,app,뷰티,19900.0,1,19900.0
O00711,30.0,부산,gold,web,뷰티,19900.0,1,19900.0
O00024,38.0,서울,basic,web,도서,9900.0,1,9900.0
O00107,46.0,경기,basic,app,가전,89900.0,1,89900.0
O01064,25.0,경기,basic,web,식품,19900.0,1,19900.0
O00032,36.0,서울,silver,web,식품,9900.0,3,29700.0
O01318,41.0,부산,basic,web,도서,29900.0,1,29900.0
O00039,40.0,부산,basic,web,패션,49900.0,2,99800.0
O00185,28.0,서울,basic,app,식품,29900.0,2,59800.0
O00856,50.0,서울,basic,web,도서,29900.0,1,29900.0
O01445,33.0,인천,gold,web,뷰티,9900.0,1,9900.0
O00579,32.0,경기,vip,app,가전,49900.0,2,99800.0
O01493,30.0,서울,silver,app,뷰티,29900.0,2,59800.0
O00897,48.0,서울,basic,web,뷰티,89900.0,2,179800.0
O01041,29.0,경기,silver,app,가전,9900.0,1,9900.0
O00799,42.0,부산,basic,web,뷰티,9900.0,1,9900.0
O00877,44.0,부산,basic,web,가전,89900.0,1,89900.0
O00700,41.0,경기,basic,web,패션,29900.0,1,29900.0
O00122,40.0,인천,basic,web,뷰티,129900.0,1,129900.0
O00753,29.0,경기,silver,web,가전,29900.0,1,29900.0
O01268,43.0,경기,basic,web,뷰티,19900.0,2,39800.0
O00818,,서울,basic,app,도서,29900.0,2,59800.0
O00459,21.0,서울,silver,app,식품,9900.0,2,19800.0
O00876,41.0,서울,basic,web,뷰티,9900.0,2,19800.0
O00687,37.0,경기,gold,app ,가전,19900.0,1,
O00156,41.0,서울,vip,app,식품,89900.0,2,179800.0
O00674,26.0,경기,gold,web,식품,49900.0,1,49900.0
O00552,32.0,인천,basic,web,도서,49900.0,3,149700.0
O00929,47.0,경기,basic,app,식품,9900.0,2,19800.0
O01008,20.0,인천,basic,web,뷰티,29900.0,1,29900.0
O00904,28.0,경기,basic,web,뷰티,29900.0,2,59800.0
O00546,52.0,서울,silver,web,식품,29900.0,2,59800.0
O00959,40.0,서울,basic,web,가전,19900.0,2,39800.0
O00783,23.0,서울,basic,web,식품,9900.0,3,29700.0
O00078,45.0,서울,silver,web,가전,9900.0,1,9900.0
O01086,23.0,경기,silver,web,식품,29900.0,2,59800.0
O00854,43.0,인천,gold,app ,도서,19900.0,1,19900.0
O00549,33.0,경기,silver,web,식품,29900.0,1,29900.0
O00781,33.0,부산,basic,web,식품,9900.0,2,
O00438,38.0,인천,gold,app,뷰티,9900.0,1,9900.0
O01307,26.0,부산,gold,web,가전,49900.0,1,49900.0
O00851,34.0,서울,silver,web,도서,29900.0,1,29900.0
O00763,17.0,서울,gold,app,가전,19900.0,3,59700.0
O00484,20.0,경기,basic,app ,패션,29900.0,1,29900.0
O00868,52.0,서울,silver,app,패션,9900.0,1,9900.0
O01306,36.0,인천,vip,web,도서,89900.0,1,89900.0
O00742,53.0,서울,basic,app,뷰티,9900.0,2,19800.0
O01410,19.0,인천,basic,app,패션,9900.0,2,19800.0
O00682,33.0,서울,basic,web,가전,249900.0,1,249900.0
O00568,22.0,경기,basic,app,뷰티,89900.0,2,179800.0
O01473,40.0,인천,gold,web,패션,19900.0,1,19900.0
O01321,16.0,서울,vip,app,가전,9900.0,1,9900.0
O01341,45.0,서울,basic,web,도서,19900.0,3,59700.0
O00434,33.0,서울,silver,web,패션,19900.0,1,19900.0
O00179,25.0,대구,basic,app,식품,19900.0,3,59700.0
O00219,31.0,경기,vip,app,식품,9900.0,1,9900.0
O00277,34.0,부산,silver,app,가전,89900.0,1,89900.0
O01333,26.0,서울,basic,web,도서,9900.0,1,9900.0
O00551,32.0,경기,basic,app,가전,49900.0,2,99800.0
O00450,30.0,서울,basic,web,가전,29900.0,2,59800.0
O01114,35.0,경기,silver,web,뷰티,49900.0,1,49900.0
O00788,25.0,경기,basic,web,가전,9900.0,2,19800.0
O01024,25.0,대구,basic,app,패션,49900.0,1,49900.0
O01067,40.0,서울,basic,web,뷰티,19900.0,2,39800.0
O00098,35.0,경기,basic,web,가전,29900.0,3,89700.0
O01026,26.0,경기,basic,app,식품,89900.0,3,269700.0
O00090,46.0,경기,silver,web,패션,19900.0,1,19900.0
O01063,39.0,부산,basic,app,가전,19900.0,1,19900.0
O00909,32.0,서울,vip,app,식품,9900.0,3,29700.0
O00019,61.0,경기,basic,web,식품,19900.0,2,39800.0
O00974,39.0,서울,silver,app,패션,19900.0,1,19900.0
O00473,31.0,서울,basic,app,식품,9900.0,1,9900.0
O00493,42.0,서울,silver,app,뷰티,9900.0,2,19800.0
O01499,40.0,서울,basic,web,식품,29900.0,2,59800.0
O01492,31.0,서울,gold,app,패션,29900.0,1,29900.0
O01320,50.0,서울,basic,app,도서,19900.0,2,39800.0
O01152,40.0,인천,basic,web,가전,29900.0,1,29900.0
O00272,32.0,인천,gold,web,뷰티,129900.0,1,129900.0
O01318,41.0,부산,basic,web,도서,29900.0,1,29900.0
O00165,42.0,서울,vip,web,식품,29900.0,1,29900.0
O00355,31.0,서울,vip,web,뷰티,129900.0,1,129900.0
O00128,37.0,인천,silver,web,뷰티,9900.0,2,19800.0
O00239,39.0,경기,basic,app,패션,49900.0,2,99800.0
O00033,48.0,서울,silver,app,뷰티,129900.0,2,259800.0
O00671,51.0,서울,silver,web,뷰티,9900.0,1,9900.0
O00008,34.0,인천,silver,web,패션,129900.0,3,389700.0
O01137,19.0,인천,vip,app,가전,129900.0,2,259800.0
O01075,27.0,대구,basic,app,도서,89900.0,1,89900.0
O01185,17.0,서울,basic,web,도서,19900.0,3,59700.0
O00812,32.0,인천,gold,web,도서,89900.0,1,89900.0
O00938,43.0,대구,basic,web,가전,29900.0,2,59800.0
O00710,36.0,부산,vip,APP,식품,19900.0,2,39800.0
O01026,26.0,경기,basic,app,식품,89900.0,3,269700.0
O00375,29.0,서울,silver,app,식품,19900.0,1,19900.0
O00180,34.0,서울,silver,app,패션,89900.0,3,269700.0
O00543,37.0,서울,silver,web,가전,89900.0,2,179800.0
O00690,17.0,서울,silver,web,뷰티,29900.0,2,59800.0
O01362,36.0,서울,basic,app,뷰티,89900.0,1,89900.0
O00736,32.0,인천,silver,web,패션,89900.0,1,89900.0
O01480,40.0,경기,vip,app,가전,249900.0,1,249900.0
O00766,30.0,경기,silver,web,뷰티,129900.0,2,259800.0
O00406,42.0,인천,basic,app,패션,19900.0,3,59700.0
O00531,49.0,인천,basic,web,가전,249900.0,3,749700.0
O00687,37.0,경기,gold,app ,가전,19900.0,1,
O00173,15.0,경기,gold,web,식품,29900.0,1,29900.0
O00732,43.0,인천,basic,APP,뷰티,19900.0,1,19900.0
O01162,33.0,서울,gold,web,패션,129900.0,1,
O00389,62.0,부산,silver,web,식품,29900.0,1,29900.0
O00078,45.0,서울,silver,web,가전,9900.0,1,9900.0
O00512,45.0,경기,basic,web,도서,19900.0,3,59700.0
O00152,11.0,서울,basic,web,뷰티,19900.0,1,19900.0
O00096,39.0,경기,silver,app,뷰티,249900.0,3,749700.0
O00756,31.0,부산,silver,web,뷰티,19900.0,2,39800.0
O01212,49.0,경기,silver,app,가전,89900.0,1,89900.0
O00742,53.0,서울,basic,app,뷰티,9900.0,2,19800.0
O00638,41.0,서울,silver,web,도서,19900.0,2,39800.0
O01089,20.0,대구,basic,app,패션,89900.0,2,179800.0
O01440,41.0,부산,basic,web,뷰티,89900.0,2,
O00085,30.0,서울,vip,app,도서,19900.0,1,19900.0
O01258,39.0,경기,gold,web,가전,89900.0,3,269700.0
O01093,30.0,경기,silver,web,패션,29900.0,1,29900.0
O01079,36.0,서울,basic,app,패션,19900.0,1,19900.0
O00026,42.0,부산,basic,web,패션,49900.0,2,99800.0
O01492,31.0,서울,gold,app,패션,29900.0,1,29900.0
O00412,43.0,대구,gold,web,패션,9900.0,2,19800.0
O00569,39.0,대구,basic,app,패션,29900.0,3,89700.0
O00605,36.0,서울,gold,web,가전,19900.0,1,19900.0
O00777,43.0,서울,silver,app,패션,249900.0,2,
O01357,40.0,대구,basic,web,식품,29900.0,3,89700.0
O01199,41.0,부산,gold,web,식품,89900.0,2,179800.0
O01036,18.0,부산,gold,APP,패션,129900.0,1,129900.0
O01161,38.0,인천,basic,app,뷰티,19900.0,2,39800.0
O00446,49.0,대구,silver,app,뷰티,9900.0,1,9900.0
O00152,11.0,서울,basic,web,뷰티,19900.0,1,19900.0
O01369,17.0,서울,basic,web,뷰티,29900.0,2,59800.0
O00218,39.0,부산,silver,web,뷰티,29900.0,3,
O00467,29.0,서울,basic,web,뷰티,19900.0,1,19900.0
O01235,40.0,부산,vip,web,뷰티,9900.0,2,19800.0
O01030,32.0,인천,vip,web,식품,19900.0,1,19900.0
O00880,28.0,서울,gold,web,뷰티,129900.0,2,259800.0
O00815,38.0,인천,vip,web,가전,49900.0,2,
O00118,37.0,서울,silver,web,도서,9900.0,1,9900.0
O00910,46.0,서울,basic,web,식품,9900.0,1,9900.0
O00659,33.0,경기,basic,app,도서,249900.0,3,749700.0
O01176,32.0,경기,basic,APP,도서,29900.0,1,29900.0
O00480,26.0,경기,gold,web,도서,29900.0,2,59800.0
O01406,44.0,경기,basic,app,도서,129900.0,3,389700.0
O00565,39.0,서울,basic,web,뷰티,89900.0,1,89900.0
O00930,26.0,서울,gold,web,가전,89900.0,1,89900.0
O00911,36.0,경기,silver,web,뷰티,29900.0,2,59800.0
O01392,31.0,서울,silver,app,도서,19900.0,2,39800.0
O00446,49.0,대구,silver,app,뷰티,9900.0,1,9900.0
O00754,39.0,서울,gold,app,패션,89900.0,2,179800.0
O00329,35.0,경기,gold,web,도서,19900.0,1,19900.0
O01303,36.0,서울,vip,app,도서,29900.0,1,29900.0
O00003,45.0,부산,basic,web,패션,19900.0,1,19900.0
O00215,37.0,부산,basic,web,가전,129900.0,2,259800.0
O00258,42.0,부산,basic,web,뷰티,9900.0,1,9900.0
O00073,31.0,서울,silver,web,식품,129900.0,2,259800.0
O00308,21.0,서울,basic,web,식품,9900.0,1,9900.0
O00456,37.0,경기,vip,web,식품,9900.0,1,
O01102,27.0,대구,basic,web,도서,9900.0,3,29700.0
O00831,41.0,서울,basic,web,식품,89900.0,2,179800.0
O01281,40.0,경기,basic,web,패션,89900.0,2,179800.0
O00555,36.0,인천,gold,web,패션,9900.0,1,9900.0
O01320,50.0,서울,basic,app,도서,19900.0,2,39800.0
O00516,32.0,서울,basic,app ,가전,19900.0,2,39800.0
O01466,30.0,서울,silver,web,도서,29900.0,1,29900.0
O00566,27.0,경기,gold,app,뷰티,9900.0,1,9900.0
O00940,32.0,경기,basic,web,가전,129900.0,1,129900.0
O01014,34.0,서울,silver,web,식품,9900.0,1,9900.0
O00866,45.0,경기,basic,web,뷰티,9900.0,2,19800.0
O00700,41.0,경기,basic,web,패션,29900.0,1,29900.0
O00323,45.0,부산,silver,app,가전,9900.0,1,9900.0
O00843,32.0,서울,basic,web,패션,29900.0,3,89700.0
O00604,58.0,서울,silver,web,뷰티,49900.0,1,49900.0
O01286,30.0,경기,basic,app,패션,129900.0,3,389700.0
O01051,30.0,인천,basic,app ,도서,9900.0,3,29700.0
O00964,,서울,silver,app,패션,29900.0,1,29900.0
O01056,41.0,서울,vip,web,뷰티,19900.0,1,19900.0
O00524,33.0,인천,basic,web,식품,49900.0,1,49900.0
O00388,34.0,서울,basic,app,패션,19900.0,2,39800.0
O00695,33.0,서울,basic,web,도서,19900.0,2,39800.0
O01154,32.0,부산,basic,web,뷰티,19900.0,1,19900.0
O00014,32.0,서울,basic,web,뷰티,9900.0,1,9900.0
O01084,48.0,인천,basic,app,뷰티,19900.0,2,39800.0
O00893,26.0,인천,basic,app,가전,49900.0,1,49900.0
O01465,28.0,대구,gold,app,가전,19900.0,1,19900.0
O00722,33.0,서울,silver,app,뷰티,49900.0,1,49900.0
O01161,38.0,인천,basic,app,뷰티,19900.0,2,39800.0
O01063,39.0,부산,basic,app,가전,19900.0,1,19900.0
O00389,62.0,부산,silver,web,식품,29900.0,1,29900.0
O00327,43.0,경기,basic,app,식품,9900.0,1,9900.0
O00842,37.0,부산,basic,web,도서,29900.0,3,89700.0
O00006,999.0,서울,basic,app,뷰티,29900.0,1,29900.0
O00464,35.0,경기,basic,app,뷰티,9900.0,2,19800.0
O01109,35.0,부산,silver,app,패션,49900.0,1,49900.0
O01212,49.0,경기,silver,app,가전,89900.0,1,89900.0
O01056,41.0,서울,vip,web,뷰티,19900.0,1,19900.0
O00475,37.0,경기,basic,app,패션,29900.0,2,59800.0
O00008,34.0,인천,silver,web,패션,129900.0,3,389700.0
O01260,30.0,경기,basic,web,식품,29900.0,1,29900.0
O00323,45.0,부산,silver,app,가전,9900.0,1,9900.0
O01185,17.0,서울,basic,web,도서,19900.0,3,59700.0
O00943,40.0,부산,gold,web,가전,19900.0,1,19900.0
O00460,18.0,서울,gold,app,가전,49900.0,1,49900.0
O00851,34.0,서울,silver,web,도서,29900.0,1,29900.0
O00301,35.0,서울,vip,web,뷰티,49900.0,1,49900.0
O01200,36.0,서울,gold,app,도서,89900.0,1,89900.0
O00458,49.0,경기,basic,app,패션,9900.0,1,9900.0
O00475,37.0,경기,basic,app,패션,29900.0,2,59800.0
O01365,48.0,부산,basic,web,뷰티,29900.0,1,29900.0
O00450,30.0,서울,basic,web,가전,29900.0,2,59800.0
O01077,21.0,서울,vip,web,가전,9900.0,1,9900.0
O00710,36.0,부산,vip,APP,식품,19900.0,2,39800.0
O00963,37.0,서울,silver,web,가전,19900.0,1,19900.0
O00346,23.0,경기,basic,app,도서,19900.0,1,19900.0
O01053,41.0,대구,gold,app,식품,19900.0,2,39800.0
O01004,26.0,부산,vip,web,도서,29900.0,3,89700.0
O00238,36.0,서울,basic,APP,도서,19900.0,1,19900.0
O00208,29.0,부산,basic,app,가전,9900.0,2,19800.0
O00395,35.0,서울,silver,app ,가전,49900.0,1,49900.0
O00255,25.0,서울,vip,web,식품,9900.0,3,29700.0
O01438,43.0,부산,silver,app,도서,29900.0,1,29900.0
O01170,29.0,서울,basic,web,도서,19900.0,2,39800.0
O00210,34.0,서울,silver,app,가전,19900.0,2,39800.0
O00431,44.0,서울,silver,app,식품,19900.0,1,19900.0
O01032,14.0,경기,gold,web,도서,249900.0,2,499800.0
O01042,22.0,부산,gold,web,도서,19900.0,1,19900.0
O00755,28.0,서울,gold,web,식품,249900.0,1,249900.0
O00087,27.0,부산,silver,web,도서,9900.0,1,9900.0
O01342,32.0,경기,gold,web,뷰티,29900.0,1,29900.0
O00321,,경기,basic,app,뷰티,29900.0,1,29900.0
O00797,50.0,대구,basic,app,뷰티,19900.0,3,59700.0
O00044,27.0,대구,basic,web,식품,89900.0,1,89900.0
O00483,39.0,경기,basic,web,도서,19900.0,1,19900.0
O00056,29.0,대구,basic,APP,식품,9900.0,1,9900.0
O01257,29.0,서울,basic,APP,뷰티,9900.0,1,
O01286,30.0,경기,basic,app,패션,129900.0,3,389700.0
O01331,49.0,경기,basic,web,가전,249900.0,1,249900.0
O00192,36.0,인천,silver,app ,가전,89900.0,1,89900.0
O00106,33.0,서울,silver,web,뷰티,19900.0,2,39800.0
O01251,28.0,부산,basic,web,식품,19900.0,1,19900.0
O01190,41.0,부산,basic,app,뷰티,19900.0,1,19900.0
O01498,50.0,경기,basic,web,가전,89900.0,1,89900.0
O01285,26.0,서울,gold,app,가전,29900.0,1,29900.0
O00140,49.0,대구,vip,web,식품,89900.0,1,
O00474,35.0,인천,silver,app,뷰티,9900.0,1,9900.0
O01441,33.0,대구,basic,app,가전,29900.0,1,29900.0
O00233,36.0,경기,silver,web,패션,89900.0,1,89900.0
O01432,29.0,경기,silver,app,식품,19900.0,3,59700.0
O00884,25.0,서울,basic,web,패션,89900.0,3,269700.0
O01150,35.0,인천,basic,app,뷰티,19900.0,1,19900.0
O00602,46.0,서울,silver,app,식품,49900.0,1,49900.0
O01068,34.0,서울,basic,APP,도서,49900.0,1,49900.0
O00255,25.0,서울,vip,web,식품,9900.0,3,29700.0
O01395,41.0,서울,basic,app ,뷰티,129900.0,2,259800.0
O00617,29.0,서울,basic,app,식품,19900.0,2,39800.0
O00096,39.0,경기,silver,app,뷰티,249900.0,3,749700.0
O00285,48.0,경기,silver,web,패션,9900.0,1,9900.0
O01089,20.0,대구,basic,app,패션,89900.0,2,179800.0
O00115,40.0,경기,basic,web,가전,249900.0,2,499800.0
O01239,30.0,대구,vip,app,도서,29900.0,3,
O00827,37.0,서울,gold,web,도서,9900.0,2,19800.0
O00857,50.0,서울,vip,web,뷰티,9900.0,3,29700.0
O00308,21.0,서울,basic,web,식품,9900.0,1,9900.0
O00011,30.0,서울,gold,app,도서,9900.0,1,9900.0
O00010,25.0,부산,gold,web,패션,89900.0,1,89900.0
O01128,30.0,경기,silver,app ,패션,19900.0,3,59700.0
O01159,43.0,인천,basic,APP,뷰티,19900.0,1,19900.0
O01354,33.0,부산,vip,APP,식품,89900.0,1,89900.0
O00075,40.0,부산,basic,app,가전,49900.0,1,49900.0
O01372,38.0,서울,vip,web,가전,9900.0,1,9900.0
O00214,34.0,서울,basic,app,가전,19900.0,1,19900.0
O00171,36.0,부산,basic,app,식품,19900.0,2,
O00394,29.0,부산,basic,web,도서,19900.0,1,19900.0
O00165,42.0,서울,vip,web,식품,29900.0,1,29900.0
O01015,28.0,부산,silver,app,도서,19900.0,1,19900.0
O01496,45.0,부산,gold,app,뷰티,29900.0,3,89700.0
O00188,32.0,경기,basic,web,도서,29900.0,1,29900.0
O00438,38.0,인천,gold,app,뷰티,9900.0,1,9900.0
O00107,46.0,경기,basic,app,가전,89900.0,1,89900.0
O00022,26.0,Seoul,vip,web,가전,9900.0,1,9900.0
O01092,36.0,경기,gold,web,패션,89900.0,1,89900.0
O00510,,부산,basic,web,패션,19900.0,1,19900.0
O01039,38.0,서울,gold,app,가전,29900.0,2,59800.0
O00021,25.0, 서울 ,basic,web,패션,19900.0,3,59700.0
O01004,26.0,부산,vip,web,도서,29900.0,3,89700.0
O00381,50.0,서울,silver,web,뷰티,29900.0,1,29900.0
O00982,15.0,부산,gold,app,식품,29900.0,1,29900.0
O00266,31.0,부산,basic,web,가전,19900.0,1,19900.0
O00555,36.0,인천,gold,web,패션,9900.0,1,9900.0
O00963,37.0,서울,silver,web,가전,19900.0,1,19900.0
O01388,32.0,서울,basic,web,패션,29900.0,2,59800.0
O00913,51.0,경기,basic,web,패션,19900.0,1,19900.0
O01102,27.0,대구,basic,web,도서,9900.0,3,29700.0
O00043,19.0,서울,silver,web,뷰티,29900.0,2,59800.0
O01316,36.0,경기,gold,web,뷰티,19900.0,1,19900.0
O01181,35.0,대구,basic,web,식품,9900.0,3,29700.0
O00747,31.0,서울,basic,app,도서,9900.0,1,9900.0
O00086,31.0,서울,basic,app,뷰티,29900.0,2,59800.0
O01059,35.0,경기,basic,app,패션,19900.0,1,19900.0
O00941,29.0,서울,silver,app,도서,29900.0,1,29900.0
O01259,30.0,서울,silver,web,뷰티,19900.0,1,19900.0
O01015,28.0,부산,silver,app,도서,19900.0,1,19900.0
O01245,31.0,부산,silver,web,도서,89900.0,3,269700.0
O00393,30.0,서울,gold,app,뷰티,9900.0,3,29700.0
O00718,40.0,대구,basic,web,가전,9900.0,1,9900.0
O01299,35.0,경기,vip,web,식품,29900.0,1,29900.0
O00167,45.0,서울,basic,app ,식품,19900.0,1,19900.0
O00245,28.0,서울,basic,app,도서,19900.0,3,59700.0
O00908,48.0,서울,basic,web,식품,29900.0,2,59800.0
O00181,49.0,서울,basic,web,도서,49900.0,1,49900.0
O00724,35.0,부산,basic,web,뷰티,249900.0,2,499800.0
O00845,,서울,vip,web,패션,89900.0,2,179800.0
O00965,32.0,서울,silver,web,가전,19900.0,2,39800.0
O00494,52.0,서울,basic,app,뷰티,49900.0,1,
O01050,43.0,서울,basic,web,패션,49900.0,2,99800.0
O00745,36.0,서울,gold,web,식품,9900.0,1,9900.0
O00356,41.0,경기,basic,web,뷰티,29900.0,1,29900.0
O00544,36.0,부산,basic,web,패션,129900.0,1,129900.0
O01084,48.0,인천,basic,app,뷰티,19900.0,2,39800.0
O00319,39.0,서울,silver,app,뷰티,49900.0,1,
O00030,26.0,서울,silver,app,패션,9900.0,1,9900.0
O01347,45.0,서울,gold,app,식품,9900.0,1,9900.0
O00636,45.0,경기,gold,web,뷰티,29900.0,1,29900.0
O01057,42.0,부산,silver,app,식품,9900.0,1,9900.0
O00250,37.0,인천,basic,app,식품,19900.0,2,39800.0
O00350,32.0,경기,silver,web,식품,9900.0,2,19800.0
O01225,27.0,경기,basic,app,뷰티,9900.0,3,29700.0
O00924,30.0,부산,basic,web,패션,9900.0,1,9900.0
O00990,8.0,인천,basic,app,패션,19900.0,1,19900.0
O01093,30.0,경기,silver,web,패션,29900.0,1,29900.0
O00551,32.0,경기,basic,app,가전,49900.0,2,99800.0
O00317,34.0,경기,basic,web,가전,29900.0,1,29900.0
O01122,21.0,대구,gold,app,가전,89900.0,1,89900.0
O00503,26.0,서울,vip,APP,뷰티,9900.0,1,9900.0
O00778,28.0,부산,silver,app,도서,49900.0,3,149700.0
O00836,35.0,경기,basic,web,도서,129900.0,1,129900.0
O01359,30.0,서울,basic,app,뷰티,9900.0,1,9900.0
O00832,36.0,경기,basic,app,도서,19900.0,1,19900.0
O00420,36.0,부산,basic,web,도서,49900.0,1,49900.0
O01464,33.0,부산,vip,web,뷰티,49900.0,2,99800.0
O00756,31.0,부산,silver,web,뷰티,19900.0,2,39800.0
O00157,39.0,부산,silver,app ,뷰티,89900.0,2,179800.0
O01117,37.0,서울,basic,app ,뷰티,49900.0,2,99800.0
O01465,28.0,대구,gold,app,가전,19900.0,1,19900.0
O00820,33.0,서울,basic,web,가전,89900.0,1,89900.0
O00517,47.0,서울,basic,web,식품,19900.0,1,19900.0
O00972,40.0,대구,vip,app,뷰티,9900.0,3,29700.0
O00032,36.0,서울,silver,web,식품,9900.0,3,29700.0
O00741,,경기,gold,app ,도서,9900.0,1,9900.0
O01101,53.0,서울,silver,app,식품,19900.0,2,39800.0
O00437,41.0,서울,basic,web,식품,9900.0,2,19800.0
O01275,28.0,경기,silver,app,도서,29900.0,1,29900.0
O00721,20.0,대구,silver,web,가전,129900.0,1,129900.0
O00880,28.0,서울,gold,web,뷰티,129900.0,2,259800.0
O00075,40.0,부산,basic,app,가전,49900.0,1,49900.0
O00923,31.0,인천,gold,app,뷰티,49900.0,1,49900.0
O00186,28.0,부산,gold,app,식품,19900.0,1,19900.0
O00100,41.0,서울,gold,web,가전,9900.0,2,19800.0
O01473,40.0,인천,gold,web,패션,19900.0,1,19900.0
O00915,41.0,경기,silver,APP,패션,49900.0,2,99800.0
O00992,19.0,부산,basic,web,도서,29900.0,2,59800.0
O00042,28.0,경기,basic,APP,패션,9900.0,1,9900.0
O00499,41.0,대구,basic,web,도서,9900.0,1,9900.0
O00864,46.0,경기,basic,web,도서,19900.0,3,59700.0
O00689,45.0,부산,gold,web,도서,29900.0,1,29900.0
O00683,24.0,서울,basic,app,도서,89900.0,2,179800.0
O01394,44.0,경기,silver,web,도서,9900.0,3,29700.0
O01267,25.0,서울,silver,app,패션,29900.0,1,29900.0
O00967,29.0,부산,basic,web,가전,49900.0,3,149700.0
O01214,25.0,부산,basic,web,식품,19900.0,1,19900.0
O01213,32.0,서울,basic,app,도서,29900.0,1,29900.0
O01390,55.0,경기,gold,web,식품,49900.0,1,49900.0
O01121,,인천,gold,web,뷰티,129900.0,1,129900.0
O00156,41.0,서울,vip,app,식품,89900.0,2,179800.0
O00257,34.0,대구,vip,app,뷰티,29900.0,2,
O00667,18.0,서울,silver,app,식품,29900.0,2,59800.0
O01015,28.0,부산,silver,app,도서,19900.0,1,19900.0
O01301,32.0,서울,gold,web,가전,129900.0,1,129900.0
O00763,17.0,서울,gold,app,가전,19900.0,3,59700.0
O00027,16.0,서울,basic,app ,가전,9900.0,1,9900.0
O00962,33.0,경기,gold,web,도서,9900.0,2,19800.0
O00358,46.0,경기,basic,web,패션,89900.0,1,
O00787,19.0,경기,vip,app,뷰티,9900.0,2,19800.0
O00957,43.0,경기,basic,app ,가전,9900.0,2,19800.0
O00254,43.0,서울,basic,web,패션,9900.0,1,9900.0
O00467,29.0,서울,basic,web,뷰티,19900.0,1,19900.0
O00743,35.0,부산,silver,app,가전,29900.0,1,29900.0
O00316,26.0,부산,vip,app,뷰티,249900.0,2,499800.0
O01394,44.0,경기,silver,web,도서,9900.0,3,29700.0
O00575,45.0,인천,gold,app,도서,129900.0,2,259800.0
O01016,43.0,대구,vip,web,가전,49900.0,1,49900.0
O00664,40.0,서울,gold,web,가전,9900.0,3,29700.0
O00581,32.0,경기,basic,web,가전,19900.0,1,19900.0
O00190,32.0,서울,gold,app,패션,29900.0,2,59800.0
O01368,48.0,대구,gold,web,도서,9900.0,1,9900.0
O01475,,서울,basic,app,가전,89900.0,1,89900.0
O00760,36.0,부산,basic,app,패션,29900.0,1,29900.0
O00677,34.0,서울,basic,web,가전,129900.0,3,389700.0
O01174,20.0,서울,basic,app,가전,29900.0,1,29900.0
O01230,45.0,경기,basic,web,뷰티,19900.0,1,19900.0
O01387,45.0,부산,silver,APP,식품,29900.0,1,29900.0
O01441,33.0,대구,basic,app,가전,29900.0,1,29900.0
O00521,44.0,경기,vip,web,식품,19900.0,1,19900.0
O00905,36.0,경기,silver,app,패션,29900.0,3,89700.0
O01093,30.0,경기,silver,web,패션,29900.0,1,29900.0
O00311,41.0,경기,silver,app,패션,9900.0,3,29700.0
O00384,31.0,인천,gold,web,가전,19900.0,2,39800.0
O01000,35.0,경기,basic,web,뷰티,49900.0,1,49900.0
O00504,33.0,인천,basic,web,뷰티,49900.0,1,49900.0
O00715,29.0,서울,silver,APP,패션,19900.0,2,39800.0
O01114,35.0,경기,silver,web,뷰티,49900.0,1,49900.0
O00863,25.0,경기,basic,web,패션,129900.0,2,259800.0
O00782,17.0,경기,basic,web,도서,29900.0,1,29900.0
O00396,25.0,대구,silver,APP,식품,19900.0,2,39800.0
O00939,23.0,서울,silver,web,패션,19900.0,1,19900.0
O01419,42.0,경기,basic,web,도서,129900.0,1,129900.0
O01241,17.0,인천,basic,app,패션,49900.0,2,99800.0
O01049,35.0,인천,basic,app,패션,249900.0,2,499800.0
O00816,47.0,경기,basic,app,식품,89900.0,3,269700.0
O01274,26.0,서울,basic,web,식품,9900.0,2,19800.0
O01477,49.0,인천,gold,web,패션,49900.0,1,49900.0
O00634,23.0,경기,silver,web,도서,9900.0,1,9900.0
O00142,46.0,서울,gold,app ,식품,29900.0,1,29900.0
O01031,31.0,서울,silver,app,뷰티,9900.0,1,9900.0
O00003,45.0,부산,basic,web,패션,19900.0,1,19900.0
O00324,34.0,서울,gold,app,패션,19900.0,2,39800.0
O00350,32.0,경기,silver,web,식품,9900.0,2,19800.0
O00235,33.0,서울,basic,web,뷰티,19900.0,2,39800.0
O01413,26.0,서울,silver,app,뷰티,19900.0,1,19900.0
O01181,35.0,대구,basic,web,식품,9900.0,3,29700.0
O00036,37.0,인천,basic,web,도서,49900.0,2,99800.0
O00998,36.0,서울,gold,web,식품,29900.0,1,29900.0
O00359,20.0,대구,gold,app,식품,29900.0,1,29900.0
O01230,45.0,경기,basic,web,뷰티,19900.0,1,19900.0
O00175,36.0,경기,gold,web,도서,19900.0,1,19900.0
O00079,33.0,서울,silver,web,뷰티,19900.0,3,59700.0
O00618,37.0,서울,silver,app,식품,19900.0,1,19900.0
O01415,29.0,경기,basic,web,도서,129900.0,2,259800.0
O01244,37.0,인천,basic,web,가전,89900.0,2,179800.0
O00849,39.0,경기,silver,app,가전,9900.0,2,19800.0
O00149,39.0,서울,gold,app,가전,19900.0,2,39800.0
O01176,32.0,경기,basic,APP,도서,29900.0,1,29900.0
O00832,36.0,경기,basic,app,도서,19900.0,1,19900.0
O00484,20.0,경기,basic,app ,패션,29900.0,1,29900.0
O00712,36.0,경기,gold,app,도서,29900.0,1,29900.0
O00263,46.0,서울,basic,web,패션,89900.0,1,89900.0
O00790,20.0,대구,basic,APP,식품,129900.0,1,129900.0
O01075,27.0,대구,basic,app,도서,89900.0,1,89900.0
O00091,21.0,서울,silver,web,도서,89900.0,1,89900.0
O00010,25.0,부산,gold,web,패션,89900.0,1,89900.0
O00861,35.0,부산,basic,app,도서,9900.0,3,29700.0
O01011,55.0,서울,basic,web,패션,29900.0,1,29900.0
O00598,38.0,서울,silver,app,뷰티,89900.0,3,269700.0
O01058,21.0,경기,basic,web,가전,9900.0,1,9900.0
O00456,37.0,경기,vip,web,식품,9900.0,1,
O00122,40.0,인천,basic,web,뷰티,129900.0,1,129900.0
O01417,46.0,서울,silver,web,가전,9900.0,2,19800.0
O00034,,대구,basic,web,패션,89900.0,1,89900.0
O00868,52.0,서울,silver,app,패션,9900.0,1,9900.0
O01470,42.0,부산,basic,app,패션,89900.0,1,89900.0
O01022,27.0,서울,basic,web,도서,19900.0,3,59700.0
O00828,31.0,서울,basic,web,도서,9900.0,1,9900.0
O01450,24.0,부산,vip,app,패션,49900.0,3,149700.0
O01052,16.0,경기,basic,app,뷰티,249900.0,1,249900.0
O01321,16.0,서울,vip,app,가전,9900.0,1,9900.0
O00891,28.0,부산,basic,app,뷰티,9900.0,1,9900.0
O00456,37.0,경기,vip,web,식품,9900.0,1,
O00869,35.0,인천,basic,app,도서,19900.0,1,19900.0
O00650,28.0,경기,gold,APP,뷰티,19900.0,1,19900.0
O00752,45.0,대구,vip,app ,뷰티,9900.0,1,9900.0
O00047,42.0,서울,gold,web,가전,249900.0,1,249900.0
O00634,23.0,경기,silver,web,도서,9900.0,1,9900.0
O00571,31.0,경기,gold,web,가전,9900.0,1,9900.0
O00022,26.0,Seoul,vip,web,가전,9900.0,1,9900.0
O01281,40.0,경기,basic,web,패션,89900.0,2,179800.0
O00660,35.0,경기,silver,app ,뷰티,29900.0,1,29900.0
O00148,32.0,경기,gold,app,뷰티,89900.0,1,89900.0
O00028,42.0,경기,basic,app,패션,9900.0,1,9900.0
O01122,21.0,대구,gold,app,가전,89900.0,1,89900.0
O00745,36.0,서울,gold,web,식품,9900.0,1,9900.0
O00239,39.0,경기,basic,app,패션,49900.0,2,99800.0
O00747,31.0,서울,basic,app,도서,9900.0,1,9900.0
O01430,31.0,인천,basic,app,뷰티,9900.0,2,19800.0
O00351,35.0,경기,basic,web,패션,29900.0,1,29900.0
O01264,42.0,경기,basic,web,뷰티,29900.0,1,29900.0
O01427,50.0,서울,gold,web,패션,89900.0,3,269700.0
O01019,39.0,대구,silver,web,패션,19900.0,2,
O01316,36.0,경기,gold,web,뷰티,19900.0,1,19900.0
O01120,41.0,서울,basic,app,도서,19900.0,3,59700.0
O00030,26.0,서울,silver,app,패션,9900.0,1,9900.0
O00360,29.0,경기,silver,app,식품,29900.0,2,59800.0
O00279,37.0,부산,basic,web,도서,129900.0,2,259800.0
O01465,28.0,대구,gold,app,가전,19900.0,1,19900.0
O00248,26.0,대구,basic,web,도서,249900.0,1,249900.0
O00811,33.0,대구,silver,app,패션,129900.0,2,259800.0
O00585,28.0,경기,silver,web,도서,29900.0,1,29900.0
O00909,32.0,서울,vip,app,식품,9900.0,3,29700.0
O00595,43.0,인천,basic,web,도서,19900.0,1,19900.0
O00648,41.0,부산,basic,web,패션,19900.0,2,39800.0
O00137,44.0,경기,basic,app,가전,19900.0,3,59700.0
O01342,32.0,경기,gold,web,뷰티,29900.0,1,29900.0
O01048,34.0,서울,basic,app,패션,29900.0,1,29900.0
O01315,26.0,경기,silver,APP,식품,89900.0,1,89900.0
O00252,30.0,서울,basic,web,뷰티,49900.0,2,99800.0
O00132,35.0,서울,basic,app,식품,19900.0,1,19900.0
O00312,31.0,서울,gold,app,뷰티,29900.0,3,89700.0
O00497,31.0,경기,vip,app,도서,129900.0,1,129900.0
O00875,23.0,서울,silver,web,가전,9900.0,2,19800.0
O00965,32.0,서울,silver,web,가전,19900.0,2,39800.0
O01009,42.0,서울,gold,app,가전,89900.0,1,89900.0
O00016,32.0,서울,basic,web,도서,29900.0,1,29900.0
O01305,42.0,부산,silver,app,식품,9900.0,1,9900.0
O00991,40.0,부산,basic,web,패션,19900.0,1,19900.0
O01131,28.0,부산,silver,web,식품,19900.0,1,19900.0
O00122,40.0,인천,basic,web,뷰티,129900.0,1,129900.0
O00539,36.0,경기,basic,app,식품,89900.0,1,89900.0
O00238,36.0,서울,basic,APP,도서,19900.0,1,19900.0
O00472,29.0,대구,gold,app,패션,9900.0,1,9900.0
O01188,26.0,서울,basic,app,뷰티,129900.0,1,129900.0
O00501,31.0,부산,basic,web,도서,89900.0,2,179800.0
O00657,47.0,서울,basic,web,가전,29900.0,1,29900.0
O00216,34.0,서울,vip,web,뷰티,49900.0,2,99800.0
O01264,42.0,경기,basic,web,뷰티,29900.0,1,29900.0
O00475,37.0,경기,basic,app,패션,29900.0,2,59800.0
O00975,42.0,서울,silver,web,도서,89900.0,2,179800.0
O00344,28.0,경기,silver,web,가전,29900.0,2,59800.0
O01210,48.0,대구,basic,web,패션,19900.0,2,39800.0
O01305,42.0,부산,silver,app,식품,9900.0,1,9900.0
O00952,31.0,부산,vip,app,도서,49900.0,2,99800.0
O01333,26.0,서울,basic,web,도서,9900.0,1,9900.0
O00793,25.0,경기,basic,app,뷰티,49900.0,1,49900.0
O01424,59.0,서울,basic,app,패션,129900.0,2,259800.0
O01220,16.0,서울,basic,web,패션,19900.0,2,39800.0
O01098,40.0,서울,basic,web,도서,29900.0,2,59800.0
O01199,41.0,부산,gold,web,식품,89900.0,2,179800.0
O00405,20.0,서울,silver,app,가전,49900.0,1,49900.0
O00323,45.0,부산,silver,app,가전,9900.0,1,9900.0
O00013,34.0,인천,vip,web,식품,129900.0,80,259800.0
O00410,23.0,서울,basic,web,뷰티,29900.0,1,29900.0
O00098,35.0,경기,basic,web,가전,29900.0,3,89700.0
O01251,28.0,부산,basic,web,식품,19900.0,1,19900.0
O00140,49.0,대구,vip,web,식품,89900.0,1,
O01371,41.0,대구,gold,web,가전,29900.0,3,89700.0
O00793,25.0,경기,basic,app,뷰티,49900.0,1,49900.0
O00244,37.0,서울,basic,app,패션,19900.0,1,19900.0
O01079,36.0,서울,basic,app,패션,19900.0,1,19900.0
O00876,41.0,서울,basic,web,뷰티,9900.0,2,19800.0
O00874,34.0,경기,basic,app,가전,29900.0,1,29900.0
O01486,24.0,서울,vip,app,식품,49900.0,1,49900.0
O00888,39.0,서울,silver,app,식품,49900.0,2,99800.0
O01321,16.0,서울,vip,app,가전,9900.0,1,9900.0
O01468,42.0,경기,silver,web,가전,49900.0,2,99800.0
O00992,19.0,부산,basic,web,도서,29900.0,2,59800.0
O00743,35.0,부산,silver,app,가전,29900.0,1,29900.0
O00848,57.0,대구,basic,app,가전,29900.0,1,29900.0
O01002,42.0,경기,gold,app,도서,89900.0,2,179800.0
O00800,33.0,대구,basic,app,뷰티,19900.0,1,19900.0
O00495,31.0,경기,gold,app,식품,29900.0,1,29900.0
O00825,39.0,경기,gold,web,도서,19900.0,2,39800.0
O00755,28.0,서울,gold,web,식품,249900.0,1,249900.0
O00034,,대구,basic,web,패션,89900.0,1,89900.0
O01447,34.0,부산,silver,web,패션,19900.0,2,39800.0
O00989,27.0,서울,silver,web,패션,9900.0,2,19800.0
O00492,42.0,경기,basic,app,도서,9900.0,1,9900.0
O00405,20.0,서울,silver,app,가전,49900.0,1,49900.0
O00911,36.0,경기,silver,web,뷰티,29900.0,2,59800.0
O01348,37.0,서울,basic,app,패션,129900.0,2,259800.0
O00594,47.0,서울,silver,app,패션,9900.0,1,9900.0
O00080,36.0,서울,silver,app ,뷰티,29900.0,3,89700.0
O00176,20.0,서울,basic,web,식품,29900.0,2,59800.0
O01479,23.0,부산,silver,app,식품,29900.0,2,59800.0
O00427,28.0,경기,silver,app,패션,249900.0,1,249900.0
O01429,38.0,경기,gold,web,도서,29900.0,1,29900.0
O01212,49.0,경기,silver,app,가전,89900.0,1,89900.0
O00951,53.0,경기,basic,web,뷰티,89900.0,1,89900.0
O01339,29.0,서울,gold,web,식품,89900.0,3,269700.0
O01104,38.0,대구,basic,web,가전,9900.0,1,9900.0
O00977,44.0,경기,basic,web,뷰티,9900.0,1,9900.0
O00699,39.0,서울,silver,app ,패션,19900.0,1,19900.0
O00970,40.0,경기,silver,web,뷰티,19900.0,3,59700.0
O00596,54.0,경기,gold,app,패션,129900.0,1,129900.0
O00723,30.0,서울,basic,app ,식품,29900.0,1,
O00719,36.0,서울,gold,web,패션,19900.0,1,19900.0
O00967,29.0,부산,basic,web,가전,49900.0,3,149700.0
O00117,23.0,인천,vip,app,패션,19900.0,2,39800.0
O00028,42.0,경기,basic,app,패션,9900.0,1,9900.0
O01304,19.0,경기,vip,app,패션,9900.0,2,19800.0
O00950,24.0,경기,basic,web,패션,89900.0,1,89900.0
O00582,35.0,대구,basic,app,뷰티,89900.0,2,179800.0
O01477,49.0,인천,gold,web,패션,49900.0,1,49900.0
O00280,44.0,부산,gold,app,식품,9900.0,3,29700.0
O00431,44.0,서울,silver,app,식품,19900.0,1,19900.0
O00296,39.0,경기,basic,web,패션,29900.0,3,89700.0
O01091,40.0,대구,gold,app,식품,89900.0,1,89900.0
O00334,57.0,서울,silver,web,뷰티,29900.0,2,59800.0
O00619,33.0,인천,basic,app,가전,129900.0,1,129900.0
O00155,31.0,대구,basic,web,도서,129900.0,3,389700.0
O00402,39.0,대구,basic,web,도서,9900.0,3,29700.0
O00770,43.0,인천,silver,web,식품,29900.0,2,59800.0
O01198,21.0,대구,basic,web,도서,29900.0,1,29900.0
O01430,31.0,인천,basic,app,뷰티,9900.0,2,19800.0
O00240,31.0,서울,basic,app,식품,49900.0,1,49900.0
O00697,30.0,서울,basic,APP,뷰티,49900.0,2,99800.0
O00290,29.0,경기,silver,web,식품,29900.0,1,29900.0
O00428,35.0,인천,basic,app,도서,89900.0,2,179800.0
O00844,34.0,대구,basic,web,가전,9900.0,1,9900.0
O01377,44.0,경기,basic,web,뷰티,9900.0,3,
O01371,41.0,대구,gold,web,가전,29900.0,3,89700.0
O00084,26.0,서울,basic,app,뷰티,49900.0,3,149700.0
O00923,31.0,인천,gold,app,뷰티,49900.0,1,49900.0
O01435,22.0,서울,silver,web,가전,29900.0,1,29900.0
O00372,19.0,서울,basic,app,패션,9900.0,1,9900.0
O00056,29.0,대구,basic,APP,식품,9900.0,1,9900.0
O00008,34.0,인천,silver,web,패션,129900.0,3,389700.0
O00740,26.0,서울,basic,app,패션,29900.0,3,89700.0
O00160,20.0,부산,basic,web,패션,9900.0,2,19800.0
O00848,57.0,대구,basic,app,가전,29900.0,1,29900.0
O00461,35.0,서울,basic,web,패션,49900.0,2,99800.0
O00943,40.0,부산,gold,web,가전,19900.0,1,19900.0
O01223,19.0,경기,gold,app,도서,19900.0,3,59700.0
O00824,43.0,서울,basic,web,도서,19900.0,1,19900.0
O00093,42.0,부산,basic,web,식품,19900.0,3,59700.0
O00355,31.0,서울,vip,web,뷰티,129900.0,1,129900.0
O00728,38.0,부산,silver,web,뷰티,19900.0,1,19900.0
O00214,34.0,서울,basic,app,가전,19900.0,1,19900.0
O00075,40.0,부산,basic,app,가전,49900.0,1,49900.0
O01424,59.0,서울,basic,app,패션,129900.0,2,259800.0
O00630,40.0,서울,basic,app,도서,129900.0,1,129900.0
O01167,33.0,인천,basic,web,식품,9900.0,1,9900.0
O00569,39.0,대구,basic,app,패션,29900.0,3,89700.0
O00216,34.0,서울,vip,web,뷰티,49900.0,2,99800.0
O01026,26.0,경기,basic,app,식품,89900.0,3,269700.0
O00716,29.0,대구,basic,web,식품,89900.0,2,179800.0
O00333,50.0,서울,silver,web,가전,9900.0,1,9900.0
O00240,31.0,서울,basic,app,식품,49900.0,1,49900.0
O00987,28.0,부산,basic,web,도서,19900.0,1,19900.0
O00063,36.0,인천,gold,app,가전,19900.0,3,59700.0
O00942,25.0,경기,silver,app,가전,9900.0,1,9900.0
O00834,24.0,서울,silver,web,도서,29900.0,1,29900.0
O01333,26.0,서울,basic,web,도서,9900.0,1,9900.0
O00285,48.0,경기,silver,web,패션,9900.0,1,9900.0
O00600,10.0,서울,basic,app,가전,19900.0,2,
O01319,42.0,서울,basic,web,식품,89900.0,1,89900.0
O01173,44.0,경기,silver,web,뷰티,129900.0,1,129900.0
O01204,47.0,서울,basic,APP,식품,19900.0,1,19900.0
O01135,30.0,부산,silver,app,가전,9900.0,1,9900.0
O00572,34.0,부산,silver,app,식품,19900.0,3,59700.0
O01375,44.0,서울,gold,app,패션,19900.0,1,19900.0
O00449,28.0,서울,basic,app,도서,9900.0,2,19800.0
O00309,21.0,부산,basic,web,도서,249900.0,1,249900.0
O00045,25.0,서울,vip,app,패션,29900.0,3,89700.0
O00529,28.0,서울,basic,APP,뷰티,29900.0,1,29900.0
O00705,34.0,서울,silver,app ,뷰티,89900.0,3,269700.0
O00366,38.0,서울,vip,app,도서,29900.0,2,59800.0
O01134,36.0,서울,basic,app,도서,129900.0,1,129900.0
O01276,41.0,서울,basic,app,식품,9900.0,3,29700.0
O00927,23.0,서울,basic,app,패션,29900.0,1,29900.0
O00523,29.0,대구,vip,web,도서,9900.0,1,9900.0
O01070,22.0,서울,vip,app,패션,249900.0,1,249900.0
O01241,17.0,인천,basic,app,패션,49900.0,2,99800.0
O00104,36.0,경기,basic,web,패션,19900.0,3,59700.0
O00868,52.0,서울,silver,app,패션,9900.0,1,9900.0
O00316,26.0,부산,vip,app,뷰티,249900.0,2,499800.0
O00262,33.0,대구,gold,app,패션,49900.0,1,49900.0
O00568,22.0,경기,basic,app,뷰티,89900.0,2,179800.0
O00498,37.0,서울,basic,app,뷰티,49900.0,1,49900.0
O00299,38.0,경기,basic,web,뷰티,49900.0,1,
O00277,34.0,부산,silver,app,가전,89900.0,1,89900.0
O00751,29.0,서울,basic,app,도서,29900.0,1,29900.0
O00089,6.0,인천,basic,app,식품,129900.0,2,
O00965,32.0,서울,silver,web,가전,19900.0,2,39800.0
O00275,28.0,경기,gold,app,패션,19900.0,2,39800.0
O01117,37.0,서울,basic,app ,뷰티,49900.0,2,99800.0
O00434,33.0,서울,silver,web,패션,19900.0,1,19900.0
O00212,26.0,부산,basic,app,도서,19900.0,2,39800.0
O00144,24.0,서울,silver,app,식품,19900.0,1,19900.0
O01214,25.0,부산,basic,web,식품,19900.0,1,19900.0
O00136,30.0,서울,basic,app,패션,89900.0,2,179800.0
O00893,26.0,인천,basic,app,가전,49900.0,1,49900.0
O00961,37.0,서울,vip,app,식품,19900.0,3,59700.0
O01080,24.0,대구,silver,web,가전,49900.0,2,99800.0
O01155,41.0,경기,gold,web,가전,129900.0,2,259800.0
O00475,37.0,경기,basic,app,패션,29900.0,2,59800.0
O00133,38.0,서울,silver,app ,식품,29900.0,1,
O01041,29.0,경기,silver,app,가전,9900.0,1,9900.0
O01486,24.0,서울,vip,app,식품,49900.0,1,49900.0
O00581,32.0,경기,basic,web,가전,19900.0,1,19900.0
O00287,23.0,경기,silver,web,가전,9900.0,1,9900.0
O00053,35.0,대구,gold,web,도서,49900.0,1,49900.0
O00981,41.0,서울,basic,app,가전,19900.0,3,59700.0
O00421,30.0,부산,silver,app,식품,249900.0,1,249900.0
O01379,38.0,서울,silver,web,뷰티,9900.0,2,19800.0
O01212,49.0,경기,silver,app,가전,89900.0,1,89900.0
O00755,28.0,서울,gold,web,식품,249900.0,1,249900.0
O00741,,경기,gold,app ,도서,9900.0,1,9900.0
O01389,26.0,대구,gold,web,도서,9900.0,2,19800.0
O00932,16.0,인천,gold,web,가전,29900.0,1,29900.0
O00161,37.0,서울,silver,web,뷰티,9900.0,2,19800.0
O01332,37.0,부산,silver,web,식품,19900.0,3,59700.0
O01030,32.0,인천,vip,web,식품,19900.0,1,19900.0
O01314,42.0,인천,basic,app,도서,19900.0,3,59700.0
O00129,25.0,서울,basic,APP,식품,19900.0,1,19900.0
O01290,16.0,서울,vip,app,도서,19900.0,3,59700.0
O00857,50.0,서울,vip,web,뷰티,9900.0,3,29700.0
O00652,41.0,경기,basic,web,패션,29900.0,1,29900.0
O01325,42.0,대구,basic,app,식품,89900.0,1,89900.0
O01196,29.0,인천,silver,web,패션,129900.0,2,259800.0
O00113,8.0,대구,silver,app,패션,19900.0,1,19900.0
O00953,46.0,서울,silver,APP,도서,89900.0,2,179800.0
O01374,40.0,경기,basic,web,패션,19900.0,1,19900.0
O01461,,서울,basic,web,뷰티,29900.0,1,29900.0
O00361,40.0,서울,gold,app,패션,29900.0,1,29900.0
O00812,32.0,인천,gold,web,도서,89900.0,1,89900.0
O00267,41.0,부산,silver,web,식품,49900.0,3,149700.0
O01119,15.0,서울,gold,web,패션,9900.0,2,19800.0
O00787,19.0,경기,vip,app,뷰티,9900.0,2,19800.0
O01149,33.0,인천,basic,app,가전,9900.0,1,9900.0
O00139,32.0,서울,vip,app,가전,29900.0,1,29900.0
O00062,58.0,서울,basic,web,가전,19900.0,1,19900.0
O00936,41.0,서울,basic,app,패션,49900.0,1,49900.0
O00391,51.0,대구,basic,web,도서,19900.0,1,19900.0
O00720,13.0,부산,basic,web,가전,19900.0,2,39800.0
O00884,25.0,서울,basic,web,패션,89900.0,3,269700.0
O00641,35.0,서울,gold,web,뷰티,9900.0,1,9900.0
O01076,34.0,경기,silver,app,가전,29900.0,2,59800.0
O00400,51.0,부산,gold,app,도서,9900.0,2,19800.0
O01106,23.0,서울,silver,app,도서,19900.0,2,39800.0
O01340,38.0,서울,basic,web,패션,19900.0,2,39800.0
O00961,37.0,서울,vip,app,식품,19900.0,3,59700.0
O00532,29.0,대구,silver,app,패션,49900.0,1,49900.0
O00173,15.0,경기,gold,web,식품,29900.0,1,29900.0
O01086,23.0,경기,silver,web,식품,29900.0,2,59800.0
O00889,35.0,서울,silver,app,식품,19900.0,2,39800.0
O00385,33.0,부산,basic,web,뷰티,249900.0,2,499800.0
O01344,19.0,부산,vip,app,가전,49900.0,2,99800.0
O00607,32.0,서울,gold,app,뷰티,49900.0,3,149700.0
O00981,41.0,서울,basic,app,가전,19900.0,3,59700.0
O00642,33.0,서울,silver,app ,도서,29900.0,1,29900.0
O01006,29.0,부산,basic,web,패션,19900.0,2,39800.0
O01365,48.0,부산,basic,web,뷰티,29900.0,1,29900.0
O01213,32.0,서울,basic,app,도서,29900.0,1,29900.0
O00205,41.0,경기,basic,app,식품,29900.0,2,59800.0
O00023,41.0,서울,basic,app,도서,9900.0,2,19800.0
